,checking_status,duration,credit_history,purpose,credit_amount,savings_status,employment,installment_commitment,personal_status,other_parties,residence_since,property_magnitude,other_payment_plans,housing,existing_credits,job,num_dependents,own_telephone,foreign_worker,class,age_cat
0,1,6,1,6,1169,4,3,4,3,2,4,3,1,1,2,1,1,1,1,1,1
1,0,48,3,6,5951,2,0,2,0,2,2,3,1,1,1,1,1,0,1,0,2
2,3,12,1,2,2096,2,1,2,3,2,3,3,1,1,1,3,2,0,1,1,0
3,1,42,3,3,7882,2,1,2,3,1,4,1,1,0,1,1,2,0,1,1,0
4,1,24,2,4,4870,2,0,3,3,2,4,2,1,0,2,1,2,0,1,0,0
5,3,36,3,2,9055,4,0,2,3,2,4,2,1,0,1,3,2,1,1,1,3
6,3,24,3,3,2835,1,3,3,3,2,4,1,1,1,1,1,1,0,1,1,0
7,0,36,3,9,6948,2,0,2,3,2,2,0,1,2,1,0,1,1,1,1,3
8,3,12,3,6,3059,3,1,2,1,2,4,3,1,1,1,3,1,0,1,1,1
9,0,30,1,4,5234,2,4,4,2,2,2,0,1,1,2,0,1,0,1,0,3
10,0,12,3,4,1295,2,2,3,0,2,1,0,1,2,1,1,1,0,1,0,2
11,1,48,3,0,4308,2,2,3,0,2,4,1,1,2,1,1,1,0,1,0,2
12,0,12,3,6,1567,2,0,1,0,2,1,0,1,1,1,1,1,1,1,1,2
13,1,24,1,4,1199,2,3,4,3,2,4,0,1,1,2,3,1,0,1,0,1
14,1,15,3,4,1403,2,0,2,0,2,4,0,1,2,1,1,1,0,1,1,3
15,1,24,3,6,1282,0,0,4,0,2,2,0,1,1,1,3,1,0,1,0,3
16,3,24,1,6,2424,4,3,4,3,2,4,1,1,1,2,1,1,0,1,1,0
17,1,30,4,0,8072,4,2,2,3,2,3,0,0,1,3,1,1,0,1,1,2
18,0,24,3,9,12579,2,3,4,0,2,2,2,1,0,1,0,1,1,1,0,0
19,3,24,3,6,3430,1,3,3,3,2,2,0,1,1,1,1,2,1,1,1,3
20,3,9,1,4,2134,2,0,4,3,2,4,0,1,1,3,1,1,1,1,1,0
21,1,6,3,6,2647,1,0,2,3,2,3,3,1,2,1,1,2,0,1,1,0
22,1,10,1,4,2241,2,2,1,3,2,3,3,1,2,2,3,2,0,0,1,0
23,0,12,1,9,1804,0,2,3,3,2,4,1,1,1,1,1,1,0,1,1,0
24,3,10,1,3,2069,4,0,2,2,2,1,0,1,1,2,1,1,0,0,1,3
25,1,6,3,3,1374,2,0,1,3,2,2,3,0,1,1,3,1,1,1,1,0
26,3,6,4,6,426,2,3,4,2,2,4,0,1,1,1,3,1,0,1,1,0
27,2,12,0,6,409,3,0,3,0,2,3,3,1,2,2,1,1,0,1,1,0
28,0,7,3,6,2415,2,0,3,3,1,2,3,1,1,1,1,1,0,1,1,3
29,1,60,2,0,6836,2,3,3,3,2,4,2,1,1,2,1,1,1,1,0,1
30,0,18,3,0,1913,3,2,3,2,2,3,3,0,1,1,1,1,1,1,1,0
31,1,24,3,3,4020,2,0,2,3,2,2,0,2,1,1,1,1,0,1,1,3
32,0,18,3,4,5866,0,0,2,3,2,2,0,1,1,2,1,1,1,1,1,3
33,3,12,1,0,1264,4,3,4,3,2,4,2,1,2,1,3,1,0,1,1,1
34,2,12,3,3,1474,2,2,4,0,2,1,1,0,1,1,0,1,1,1,1,3
35,0,45,1,6,4746,2,2,4,3,2,2,1,1,1,2,3,1,0,1,0,2
36,3,48,1,2,6110,2,0,1,3,2,3,2,0,0,1,1,1,1,1,1,3
37,2,18,3,6,2100,2,0,4,3,0,2,3,2,1,1,1,1,0,1,0,0
38,2,10,3,1,1225,2,0,2,3,2,2,0,1,1,1,1,1,1,1,1,0
39,0,9,3,6,458,2,0,4,3,2,3,3,1,1,1,1,1,0,1,1,2
40,3,30,3,6,2333,1,3,4,3,2,2,0,0,1,1,0,1,0,1,1,3
41,0,12,3,6,1158,1,0,3,1,2,1,0,1,1,1,1,1,1,1,1,3
42,0,18,2,7,6204,2,0,2,3,2,4,3,1,1,1,3,2,1,1,1,0
43,1,30,1,9,6187,0,1,1,2,2,4,0,1,2,2,1,1,0,1,1,2
44,1,48,1,9,6143,2,3,4,0,2,4,2,2,0,2,3,1,0,1,0,1
45,3,11,1,4,1393,2,2,4,0,2,4,0,1,1,2,0,1,0,1,1,3
46,3,36,3,6,2299,1,3,4,3,2,4,0,1,1,1,1,1,0,1,1,0
47,1,6,3,9,1352,1,4,1,0,2,2,1,1,2,1,2,1,1,1,1,2
48,3,11,1,4,7228,2,0,1,3,2,4,1,1,1,2,3,1,0,1,1,0
49,3,12,3,6,2073,0,0,4,0,0,2,3,1,1,1,1,1,0,1,1,3
50,0,24,2,3,2333,4,2,4,3,2,2,1,0,1,1,3,1,0,1,1,3
51,0,27,2,9,5965,2,3,1,3,2,2,0,1,1,2,0,1,1,1,1,3
52,3,12,3,6,1262,2,0,3,3,2,2,0,1,1,1,1,1,0,1,1,2
53,3,18,3,9,3378,4,0,2,3,2,1,1,1,1,1,1,1,1,1,1,3
54,0,36,2,4,2225,2,3,4,3,2,4,2,0,0,2,1,1,1,1,0,1
55,3,6,0,4,783,4,0,1,3,1,2,3,2,1,1,3,2,0,1,1,3
56,0,12,3,6,6468,4,4,2,3,2,1,2,1,1,1,0,1,1,1,0,0
57,3,36,1,6,9566,2,0,2,0,2,2,0,2,1,2,1,1,0,1,1,3
58,2,18,3,4,1961,2,3,3,0,2,2,0,1,1,1,0,1,0,1,1,2
59,1,36,1,3,6229,2,2,4,0,0,4,2,1,2,2,3,1,1,1,0,2
60,0,9,3,0,1391,2,0,2,2,2,1,3,0,1,1,1,1,1,1,1,3
61,0,15,1,6,1537,4,3,4,3,1,4,3,1,1,2,1,1,1,1,1,0
62,0,36,4,0,1953,2,3,4,3,2,4,2,1,0,1,0,1,1,1,0,1
63,0,48,4,0,14421,2,0,2,3,2,2,0,1,1,1,1,1,1,1,0,2
64,3,24,3,6,3181,2,2,4,0,2,4,1,1,1,1,1,1,1,1,1,3
65,3,27,3,7,5190,4,3,4,3,2,4,1,1,1,4,1,2,1,1,1,0
66,3,12,3,6,2171,2,2,2,0,2,2,0,0,1,1,1,1,0,1,1,3
67,0,12,3,4,1007,3,0,4,2,2,1,3,1,1,1,1,1,0,1,1,2
68,3,36,3,2,1819,2,0,4,3,2,4,2,2,0,1,1,1,1,1,0,0
69,3,36,3,6,2394,4,0,4,0,2,4,0,1,1,1,1,1,0,1,1,2
70,3,36,3,9,8133,2,0,1,0,2,2,1,0,1,1,1,1,0,1,1,3
71,3,7,1,6,730,4,3,4,3,2,2,1,1,2,2,3,1,1,1,1,0
72,1,8,1,5,1164,2,3,3,3,2,4,2,0,0,2,0,2,1,1,1,0
73,0,42,1,0,5954,2,1,2,0,2,1,3,0,1,2,3,1,0,1,1,0
74,1,36,3,2,1977,4,3,4,3,2,4,2,1,1,1,0,1,1,1,0,0
75,1,12,1,9,1526,2,3,4,3,2,4,2,1,0,2,0,1,0,1,1,1
76,1,42,3,6,3965,2,2,4,3,2,3,0,1,1,1,1,1,0,1,0,3
77,0,11,2,6,4771,2,1,2,3,2,4,1,1,1,1,1,1,0,1,1,0
78,3,54,4,9,9436,4,0,2,3,2,2,1,1,1,1,3,2,0,1,1,0
79,0,30,3,3,3832,2,2,2,2,2,1,1,1,1,1,1,1,0,1,1,2
80,3,24,3,6,5943,4,2,1,0,2,1,0,1,1,2,1,1,1,1,0,0
81,3,15,3,6,1213,1,3,4,3,2,3,1,2,1,1,1,1,1,1,1,0
82,3,18,3,0,1568,0,0,3,0,2,4,1,1,2,1,3,1,0,1,1,2
83,1,24,3,5,1755,2,3,4,0,1,4,3,1,1,1,3,1,1,1,1,1
84,1,10,3,6,2315,2,3,3,3,2,4,3,1,1,1,3,1,0,1,1,0
85,3,12,1,0,1412,2,0,4,0,1,2,3,1,1,2,0,1,1,1,1,3
86,0,18,1,3,1295,2,2,4,0,2,1,1,1,1,2,1,1,0,1,1,3
87,0,36,3,2,12612,0,0,1,3,2,4,2,1,0,1,1,2,1,1,0,0
88,1,18,3,4,2249,0,1,4,3,2,3,0,1,1,1,0,2,1,1,1,3
89,1,12,4,7,1108,2,1,4,3,2,3,3,1,1,2,1,1,0,1,0,3
90,3,12,1,6,618,2,3,4,3,2,4,3,1,1,1,1,1,0,1,1,1
91,1,12,1,9,1409,2,3,4,3,2,3,3,1,1,1,1,1,0,1,1,0
92,3,12,1,6,797,4,3,4,0,2,3,1,0,1,1,3,2,0,1,0,3
93,2,24,1,3,3617,4,3,4,3,0,4,2,1,2,2,1,1,0,1,1,2
94,0,12,3,4,1318,3,3,4,3,2,4,3,1,1,1,1,1,1,1,1,0
95,0,54,4,0,15945,2,2,3,3,2,4,2,1,2,1,1,1,1,1,0,1
96,3,12,1,2,2012,4,1,4,0,2,2,0,1,1,1,1,1,0,1,1,1
97,0,18,3,0,2622,0,0,4,3,2,4,0,1,1,1,1,1,0,1,1,3
98,0,36,1,6,2337,2,3,4,3,2,4,3,1,1,1,1,1,0,1,1,0
99,0,20,2,9,7057,4,1,3,3,2,4,1,0,2,2,0,2,1,1,1,0
100,3,24,3,4,1469,0,3,4,2,2,4,3,1,2,1,3,1,0,1,1,0
101,0,36,3,6,2323,2,1,4,3,2,4,0,1,2,1,1,1,0,1,1,2
102,3,6,2,6,932,2,0,3,0,2,2,3,1,1,1,1,1,0,1,1,2
103,0,9,1,3,1919,2,1,4,3,2,3,0,1,2,1,1,1,1,1,1,3
104,3,12,3,9,2445,4,2,2,2,2,4,0,1,2,1,1,1,1,1,1,3
105,0,24,1,5,11938,2,0,2,3,0,3,0,1,1,2,0,2,1,1,0,0
106,3,18,0,4,6458,2,3,2,3,2,4,2,0,1,2,0,2,1,1,0,0
107,0,12,3,4,6078,2,1,2,3,2,2,0,1,1,1,1,1,0,1,1,3
108,1,24,3,3,7721,4,2,1,0,2,2,1,1,1,1,1,1,1,0,1,3
109,0,14,3,0,1410,1,3,1,2,2,2,3,1,1,1,1,1,1,1,1,3
110,0,6,2,0,1449,0,3,1,1,2,2,0,0,1,2,1,2,0,1,1,3
111,2,15,3,2,392,2,2,4,0,2,4,1,1,2,1,1,1,1,1,1,2
112,0,18,3,4,6260,2,1,3,3,2,3,3,1,2,1,3,1,0,1,1,3
113,3,36,1,4,7855,2,0,4,0,2,2,3,2,1,2,1,1,1,1,0,2
114,1,12,3,6,1680,1,3,3,2,2,1,3,1,1,1,1,1,0,1,1,3
115,3,48,1,6,3578,4,3,4,3,2,1,3,1,1,1,1,1,1,1,1,0
116,1,42,3,6,7174,4,1,4,0,2,3,0,1,1,1,0,1,1,1,0,3
117,1,10,1,3,2132,4,2,2,0,0,3,3,1,2,2,1,1,0,0,1,3
118,1,33,1,3,4281,1,0,1,0,2,4,0,1,1,2,1,1,0,1,0,2
119,0,12,1,4,2366,1,1,3,1,2,3,0,1,1,1,0,1,1,1,1,0
120,1,21,3,6,1835,2,0,3,0,2,2,3,1,1,2,1,1,1,1,0,2
121,3,24,1,9,3868,2,3,4,0,2,2,0,1,2,2,0,1,1,1,1,0
122,3,12,3,3,1768,2,0,3,3,2,2,3,1,2,1,3,1,0,1,1,2
123,2,10,1,4,781,2,3,4,3,2,4,2,1,0,2,1,1,1,1,1,1
124,0,18,3,3,1924,4,2,4,0,2,3,3,1,2,1,1,1,0,1,0,3
125,1,12,1,4,2121,2,0,4,3,2,2,1,1,1,2,1,1,0,1,1,3
126,1,12,3,6,701,2,0,4,2,2,2,3,1,1,1,3,1,0,1,1,0
127,0,12,3,7,639,2,0,4,3,2,2,0,1,1,1,1,1,0,1,0,3
128,0,12,1,9,1860,2,4,4,3,2,2,0,1,1,2,0,1,1,1,1,3
129,1,12,1,4,3499,2,0,3,0,0,2,3,1,1,2,1,1,0,1,0,3
130,0,48,3,4,8487,4,1,1,0,2,2,0,1,1,1,1,1,0,1,1,2
131,1,36,2,2,6887,2,0,4,3,2,3,1,2,1,1,1,1,1,1,0,3
132,3,15,3,3,2708,2,2,2,3,2,3,1,0,1,2,3,1,0,1,1,3
133,3,18,3,3,1984,2,0,4,3,2,4,2,0,0,2,1,1,0,1,1,0
134,3,60,3,6,10144,0,1,2,0,2,4,3,1,1,1,1,1,1,1,1,2
135,3,12,1,6,1240,4,3,4,0,2,2,3,1,1,2,1,1,1,1,1,0
136,3,27,2,9,8613,3,0,2,3,2,2,0,1,1,2,1,1,0,1,1,3
137,0,12,3,6,766,1,0,4,3,2,3,3,1,1,1,3,1,0,1,0,1
138,0,15,1,6,2728,4,1,4,3,1,2,3,0,1,3,1,1,1,1,1,3
139,2,12,3,6,1881,2,0,2,0,2,2,0,1,2,1,3,1,1,1,1,0
140,2,6,3,4,709,3,2,2,2,2,2,3,1,1,1,2,1,0,0,1,3
141,0,36,3,6,4795,2,2,4,0,2,1,2,1,1,1,0,1,1,1,1,3
142,1,27,3,6,3416,2,0,3,3,2,2,0,1,1,1,0,1,0,1,1,3
143,1,18,3,3,2462,2,0,2,3,2,2,0,1,1,1,1,1,0,1,0,2
144,3,21,1,3,2288,2,2,4,0,2,4,1,1,1,1,1,1,1,1,1,2
145,0,48,0,0,3566,0,1,4,3,2,2,0,1,1,1,1,1,0,1,1,3
146,1,6,1,4,860,2,3,1,0,2,4,2,1,1,2,1,1,1,1,1,0
147,3,12,1,4,682,0,1,4,0,2,3,0,1,1,2,1,1,1,1,1,0
148,1,36,1,3,5371,2,0,3,3,1,2,1,1,1,2,1,1,0,1,1,3
149,3,18,1,6,1582,3,3,4,3,2,4,0,1,1,2,1,1,0,1,1,0
150,3,6,3,6,1346,0,3,2,3,2,4,2,0,0,1,1,2,1,1,1,0
151,3,10,3,6,1924,2,0,1,3,2,4,1,1,1,1,1,1,1,0,1,0
152,2,36,3,6,5848,2,0,4,3,2,1,0,1,1,1,1,1,0,1,1,2
153,0,24,1,9,7758,3,3,2,0,2,4,2,1,2,1,1,1,0,1,1,3
154,0,24,2,0,6967,0,1,4,3,2,4,0,1,2,1,0,1,1,1,1,0
155,1,12,3,3,1282,2,0,2,0,2,4,0,1,2,1,1,1,0,1,0,2
156,1,9,1,7,1288,0,3,3,3,1,4,3,1,1,2,1,2,0,0,1,0
157,1,12,0,8,339,2,3,4,2,2,1,0,0,1,1,3,1,0,1,1,0
158,0,24,3,4,3512,0,1,2,3,2,3,0,0,1,2,1,1,1,1,1,0
159,3,6,1,6,1898,4,0,1,3,2,2,3,1,1,2,3,2,0,1,1,3
160,3,24,1,6,2872,0,3,3,3,2,4,3,1,1,1,1,2,1,1,1,0
161,3,18,1,4,1055,2,2,4,0,2,1,1,1,1,2,1,1,0,1,1,3
162,3,15,3,1,1262,1,1,4,3,2,3,1,1,1,2,1,1,1,1,1,0
163,0,10,3,4,7308,2,4,2,3,2,4,2,0,0,1,0,1,1,1,1,1
164,3,36,3,4,909,1,3,4,3,2,4,1,1,1,1,1,1,0,1,1,0
165,3,6,3,3,2978,1,0,1,3,2,2,0,1,1,1,1,1,1,1,1,3
166,1,18,3,3,1131,2,4,4,0,2,2,0,1,1,1,1,1,0,1,0,3
167,0,11,3,3,1577,3,2,4,0,2,1,3,1,1,1,1,1,0,1,1,2
168,3,24,3,3,3972,2,1,2,0,2,4,1,1,2,1,1,1,1,1,1,2
169,0,24,1,0,1935,2,3,4,1,2,4,3,1,1,2,1,1,1,1,0,3
170,1,15,4,4,950,2,3,4,3,2,3,0,1,2,2,1,2,0,1,0,3
171,3,12,3,3,763,2,0,4,0,2,1,3,1,1,1,1,1,1,1,1,3
172,0,24,2,3,2064,2,4,3,0,2,2,1,1,1,1,0,1,1,1,0,3
173,0,8,3,6,1414,2,0,4,3,1,2,3,1,1,1,1,1,0,0,1,3
174,1,21,2,2,3414,2,2,2,3,2,1,1,1,1,2,1,1,0,1,0,3
175,3,30,0,9,7485,4,4,4,0,2,1,3,0,1,1,0,1,1,1,0,0
176,1,12,3,3,2577,2,0,2,1,2,1,0,1,1,1,1,1,0,1,1,0
177,1,6,1,6,338,1,3,4,3,2,4,0,1,1,2,1,1,0,1,1,0
178,3,12,3,6,1963,2,1,4,3,2,2,0,1,2,2,0,2,1,1,1,3
179,1,21,1,4,571,2,3,4,3,2,4,3,1,1,2,1,1,0,1,1,1
180,3,36,2,0,9572,2,2,1,1,2,1,0,1,1,2,1,1,0,1,0,3
181,0,36,2,0,4455,2,0,2,1,2,2,3,2,1,2,0,1,1,1,0,3
182,1,21,0,4,1647,4,0,4,3,2,2,1,1,1,2,3,2,0,1,0,0
183,3,24,1,3,3777,3,0,4,3,2,4,3,1,1,1,1,1,1,1,1,0
184,0,18,1,4,884,2,3,4,3,2,4,0,0,1,1,1,2,1,1,0,0
185,3,15,1,6,1360,2,0,4,3,2,2,1,1,1,2,1,1,0,1,1,3
186,0,9,0,9,5129,2,3,2,0,2,4,2,0,0,1,0,2,1,1,0,1
187,0,16,1,4,1175,2,4,2,3,2,3,0,1,0,3,2,1,1,1,1,1
188,1,12,3,6,674,0,1,4,2,2,1,1,1,1,1,1,1,0,1,0,2
189,0,18,4,3,3244,2,0,1,0,2,4,0,0,1,2,1,1,1,1,1,3
190,3,24,3,0,4591,3,0,2,3,2,3,1,1,1,3,0,1,1,1,0,0
191,0,48,4,0,3844,0,1,4,3,2,4,2,1,0,1,3,2,0,1,0,3
192,0,27,3,0,3915,2,0,4,3,2,2,0,1,1,1,1,2,1,1,0,0
193,3,6,3,6,2108,2,1,2,2,2,2,3,1,2,1,1,1,0,1,1,3
194,0,45,3,6,3031,0,0,4,3,1,4,1,1,2,1,1,1,0,1,0,2
195,0,9,1,2,1501,2,3,2,0,2,3,0,1,1,2,0,1,1,1,0,3
196,3,6,1,6,1382,2,0,1,0,2,1,0,1,1,2,1,1,1,1,1,3
197,0,12,3,3,951,0,2,4,0,2,4,0,0,2,4,1,1,0,1,0,3
198,0,24,3,9,2760,4,3,4,3,2,4,2,0,0,1,1,1,1,1,1,0
199,0,18,2,3,4297,2,3,4,1,2,3,2,1,1,1,0,1,1,1,0,0
200,3,9,1,2,936,1,3,4,3,2,2,0,1,1,2,1,1,1,1,1,0
201,1,12,3,4,1168,2,0,4,2,2,3,3,1,1,1,3,1,0,1,1,3
202,3,27,2,0,5117,2,1,3,3,2,4,0,1,1,2,1,1,0,1,1,3
203,1,12,3,8,902,2,1,4,2,2,4,1,1,2,1,1,1,0,1,0,2
204,3,12,1,4,1495,2,3,4,3,2,1,3,1,1,2,3,2,0,1,1,0
205,1,30,1,9,10623,2,3,3,3,2,4,2,1,0,3,0,2,1,1,1,0
206,3,12,1,3,1935,2,3,4,3,2,4,3,1,1,3,1,1,1,1,1,0
207,0,12,1,1,1424,2,1,4,3,2,3,1,1,1,1,1,1,0,1,1,3
208,1,24,3,0,6568,2,0,2,2,2,2,0,2,1,1,3,1,0,1,1,2
209,3,12,3,9,1413,3,1,3,3,2,2,1,1,1,1,1,1,0,0,1,0
210,3,9,1,6,3074,4,0,1,3,2,2,3,1,1,2,1,2,0,1,1,3
211,3,36,3,6,3835,4,3,2,0,2,4,3,1,1,1,3,1,1,1,1,0
212,1,27,4,0,5293,2,4,2,3,2,4,1,2,1,2,1,1,1,1,0,0
213,2,30,2,0,1908,2,3,4,3,2,4,3,1,1,1,0,1,1,1,0,1
214,3,36,1,6,3342,4,3,4,3,2,2,0,1,1,1,1,1,1,1,1,0
215,0,6,1,8,932,4,1,1,0,2,3,1,1,1,2,3,1,0,1,1,0
216,1,18,4,0,3104,2,1,3,3,2,1,1,0,1,1,1,1,1,1,1,3
217,2,36,3,6,3913,2,0,2,3,2,2,3,1,1,1,1,1,1,1,1,2
218,1,24,3,3,3021,2,0,2,1,2,2,3,1,2,1,3,1,0,1,1,2
219,3,10,3,4,1364,2,0,2,0,2,4,0,1,1,1,1,1,1,1,1,1
220,0,12,3,6,625,2,2,4,2,1,1,3,0,1,1,3,1,0,1,1,3
221,1,12,3,2,1200,4,0,4,0,2,4,1,0,2,1,1,1,1,1,1,2
222,3,12,3,6,707,2,0,4,3,2,2,3,0,1,2,1,1,0,1,1,3
223,3,24,2,0,2978,4,0,4,3,2,4,3,1,1,2,1,2,1,1,1,3
224,3,15,3,9,4657,2,0,3,3,2,2,0,1,1,1,1,1,1,1,1,3
225,3,36,4,7,2613,2,0,4,3,2,2,0,1,1,2,1,1,0,1,1,3
226,0,48,3,6,10961,3,1,1,3,0,2,2,0,1,2,1,1,1,1,0,3
227,1,12,3,3,7865,2,3,4,3,2,4,2,1,0,1,0,1,1,1,0,0
228,3,9,3,6,1478,2,1,4,3,2,2,0,1,1,1,1,1,0,1,0,2
229,1,24,3,3,3149,2,2,4,3,2,1,2,0,0,1,1,1,0,1,1,2
230,2,36,3,6,4210,2,0,4,3,2,2,0,1,1,1,1,1,0,1,0,3
231,3,9,3,4,2507,1,3,2,3,2,4,2,1,0,1,3,1,0,1,1,0
232,3,12,3,6,2141,0,1,3,3,2,1,2,1,1,1,1,1,0,1,1,3
233,0,18,3,6,866,2,0,4,2,1,2,3,1,1,1,3,1,0,1,1,2
234,3,4,1,6,1544,2,1,2,3,2,1,3,1,1,3,3,2,0,1,1,0
235,1,24,3,6,1823,2,4,4,3,2,2,0,2,1,1,0,2,0,1,0,3
236,0,6,3,4,14555,4,4,1,3,2,2,1,1,1,1,2,1,1,1,0,2
237,0,21,3,0,2767,0,3,4,1,2,2,0,0,2,2,3,1,0,1,0,1
238,3,12,1,6,1291,2,0,4,0,2,2,1,1,1,2,1,1,0,1,1,3
239,1,30,3,6,2522,2,3,1,3,1,3,1,1,1,1,1,2,0,1,1,0
240,1,24,3,4,915,4,3,4,0,2,2,0,0,1,1,1,1,0,1,0,3
241,3,6,3,6,1595,2,1,3,3,2,2,1,1,1,1,1,2,0,1,1,0
242,1,48,4,9,4605,2,3,3,3,2,4,2,1,0,2,1,2,0,1,0,2
243,3,12,1,0,1185,2,0,3,0,2,2,3,1,1,2,1,1,0,1,1,3
244,3,12,0,8,3447,1,0,4,0,2,3,3,1,1,1,3,2,0,1,1,3
245,3,24,3,0,1258,2,1,4,3,2,1,3,1,1,1,1,1,1,1,1,2
246,3,12,1,6,717,2,3,4,3,2,4,3,1,1,3,1,1,0,1,1,0
247,3,6,4,4,1204,0,0,4,3,2,1,2,0,2,1,1,1,0,0,1,3
248,2,24,3,3,1925,2,0,2,3,2,2,3,1,1,1,1,1,0,1,1,3
249,3,18,3,6,433,2,4,3,0,0,4,3,1,2,1,1,1,0,1,0,2
250,1,6,1,4,666,3,1,3,0,2,4,3,1,1,2,3,1,1,1,1,0
251,2,12,3,3,2251,2,0,1,0,2,2,0,1,1,1,3,1,0,1,1,0
252,0,30,3,4,2150,2,0,4,0,1,2,2,0,1,1,1,1,0,1,0,2
253,3,24,2,3,4151,0,0,2,3,2,3,1,1,1,2,1,1,0,1,1,3
254,0,9,3,3,2030,4,1,2,3,2,1,0,1,1,1,1,1,1,1,1,2
255,0,60,2,6,7418,4,0,1,3,2,1,3,1,1,1,3,1,0,1,1,3
256,3,24,1,6,2684,2,0,4,3,2,2,3,1,1,2,3,1,0,1,1,3
257,1,12,0,6,2149,2,0,4,1,2,1,2,1,0,1,1,1,0,1,0,3
258,3,15,3,9,3812,0,2,1,0,2,4,0,1,1,1,1,1,1,1,1,2
259,3,11,1,6,1154,0,4,4,0,2,4,3,1,1,3,3,1,0,1,1,1
260,1,12,3,3,1657,2,0,2,3,2,2,3,1,1,1,1,1,0,1,1,3
261,1,24,3,6,1603,2,3,4,0,2,4,0,1,1,1,1,1,0,1,1,0
262,1,18,1,4,5302,2,3,2,3,2,4,2,1,0,3,0,1,1,1,1,0
263,3,12,1,2,2748,2,3,2,0,2,4,2,0,0,3,3,1,0,1,1,1
264,3,10,1,4,1231,2,3,3,3,2,4,3,1,1,2,3,2,0,0,1,3
265,0,15,3,6,802,2,3,4,3,2,3,0,1,1,1,1,2,0,1,0,0
266,3,36,1,0,6304,4,3,4,3,2,4,3,1,1,2,1,1,0,1,1,0
267,3,24,3,6,1533,2,2,4,0,2,3,0,2,1,1,1,1,1,1,1,0
268,1,14,3,4,8978,2,3,1,1,2,4,1,1,1,1,0,1,1,0,0,0
269,3,24,3,6,999,4,3,4,3,2,2,0,1,1,2,1,1,0,1,1,2
270,3,18,3,4,2662,4,1,4,3,2,3,1,1,1,1,1,1,0,0,1,3
271,3,12,1,3,1402,1,1,3,0,2,4,0,1,2,1,1,1,1,1,1,0
272,0,48,0,4,12169,4,4,4,3,0,4,2,1,0,1,0,1,1,1,1,0
273,0,48,3,6,3060,2,1,4,3,2,4,3,1,1,2,1,1,0,1,0,3
274,1,30,3,7,11998,2,2,1,1,2,1,2,1,1,1,3,1,1,1,0,3
275,3,9,3,6,2697,2,0,1,3,2,2,3,1,1,1,1,2,0,1,1,3
276,3,18,1,6,2404,2,0,2,0,2,2,0,1,1,2,1,1,0,1,1,3
277,1,12,3,3,1262,4,3,2,1,2,4,1,1,1,1,3,1,1,1,1,0
278,3,6,3,3,4611,2,2,1,0,2,4,1,1,1,1,1,1,0,1,0,3
279,3,24,3,6,1901,0,0,4,3,2,4,0,1,2,1,0,1,1,1,1,3
280,3,15,1,9,3368,3,3,3,3,2,4,2,1,2,2,1,1,1,1,1,2
281,3,12,3,3,1574,2,0,4,3,2,2,3,1,1,1,1,1,0,1,1,0
282,2,18,0,6,1445,4,1,4,3,2,4,0,0,1,1,3,1,0,1,1,0
283,3,15,1,3,1520,4,3,4,3,2,4,1,1,1,1,1,1,0,1,1,1
284,0,24,1,4,3878,0,2,4,1,2,2,0,1,1,1,1,1,1,1,1,0
285,1,47,3,4,10722,2,2,1,0,2,1,3,1,1,1,3,1,1,1,1,3
286,1,48,3,9,4788,2,1,4,3,2,3,1,1,1,1,1,2,0,1,1,3
287,0,48,2,5,7582,0,4,2,3,2,4,2,1,0,1,0,1,1,1,1,3
288,0,12,3,6,1092,2,0,4,0,1,4,3,1,1,2,1,1,1,1,1,0
289,1,24,2,6,1024,2,2,4,2,2,4,3,2,1,1,1,1,0,1,0,0
290,3,12,3,0,1076,2,0,2,2,2,2,3,1,1,1,1,1,1,0,1,3
291,0,36,3,9,9398,2,2,1,2,2,4,0,1,2,1,0,1,1,1,0,3
292,1,24,1,9,6419,2,3,2,0,2,4,2,1,0,2,0,2,1,1,1,0
293,2,42,1,9,4796,2,3,4,3,2,4,2,1,0,1,1,1,0,1,1,1
294,3,48,1,0,7629,4,3,4,1,2,2,0,0,1,2,0,2,0,1,1,0
295,0,48,3,3,9960,2,2,1,0,2,2,0,1,1,1,1,1,1,1,0,3
296,3,12,3,9,4675,4,2,1,0,2,4,0,1,2,1,1,1,0,1,1,2
297,3,10,3,4,1287,4,3,4,3,0,2,1,1,1,1,3,1,0,0,1,0
298,3,18,3,3,2515,2,0,3,3,2,4,3,1,1,1,1,1,1,1,1,0
299,0,21,1,3,2745,3,1,3,3,2,2,0,1,1,2,1,1,1,1,1,3
300,3,6,3,4,672,2,4,1,0,2,4,3,1,1,1,2,1,1,1,1,0
301,0,36,4,6,3804,2,0,4,0,2,1,0,1,1,1,1,1,1,1,0,0
302,2,24,1,4,1344,4,1,4,3,2,2,3,0,1,2,3,2,0,1,0,0
303,1,10,1,4,1038,2,1,4,3,0,3,1,1,1,2,1,1,1,1,1,0
304,3,48,1,4,10127,1,0,2,3,2,2,2,0,0,1,1,1,0,1,0,0
305,3,6,3,3,1543,3,0,4,1,2,2,3,1,1,1,1,1,0,1,1,3
306,3,30,3,9,4811,4,1,2,0,2,4,1,2,2,1,3,1,0,1,1,2
307,1,12,3,6,727,0,2,4,2,2,3,2,1,1,1,3,1,1,1,0,3
308,0,8,3,3,1237,2,0,3,0,2,4,3,1,1,1,1,1,0,1,0,2
309,0,9,3,4,276,2,0,4,2,2,4,3,1,2,1,3,1,0,1,1,2
310,0,48,3,5,5381,4,4,3,3,2,4,2,0,0,1,2,1,1,1,1,0
311,3,24,3,3,5511,0,0,4,3,2,1,0,2,1,1,1,1,0,1,1,2
312,2,24,3,3,3749,2,2,2,0,2,4,0,1,1,1,1,1,0,1,1,3
313,0,12,3,4,685,2,1,2,2,2,3,0,0,1,1,3,1,0,1,0,2
314,2,4,3,4,1494,4,2,1,3,2,2,3,1,1,1,3,2,0,0,1,3
315,1,36,0,3,2746,2,3,4,3,2,4,0,0,1,1,1,1,0,1,0,3
316,1,12,3,3,708,2,0,2,3,1,3,1,1,1,1,3,2,0,1,1,0
317,0,24,3,3,4351,4,0,1,0,2,4,1,1,1,1,3,1,1,1,1,0
318,3,12,1,2,701,2,0,4,3,2,2,0,1,1,2,1,1,0,1,1,3
319,1,15,2,3,3643,2,3,1,0,2,4,1,1,1,2,3,1,0,1,1,3
320,0,30,1,4,4249,2,4,4,2,2,2,0,1,1,2,0,1,0,1,0,3
321,1,24,3,6,1938,2,2,4,1,2,3,1,1,1,1,1,1,0,1,0,3
322,1,24,3,9,2910,2,1,2,3,2,1,2,1,0,1,0,1,1,1,1,3
323,1,18,3,3,2659,3,0,4,3,2,2,0,1,1,1,1,1,0,1,1,3
324,3,18,1,4,1028,2,0,4,0,2,3,3,1,1,2,1,1,0,1,1,0
325,1,8,1,4,3398,2,1,1,3,2,4,3,1,1,2,3,1,0,0,1,0
326,3,12,1,3,5801,4,3,2,3,2,4,1,1,2,1,1,1,1,1,1,0
327,3,24,3,4,1525,3,1,4,0,2,3,0,1,1,1,1,2,1,1,1,3
328,2,36,3,6,4473,2,3,4,3,2,2,0,1,1,1,1,1,0,1,1,3
329,0,6,3,6,1068,2,3,4,3,2,4,0,1,1,1,1,2,0,1,1,3
330,1,24,1,9,6615,2,4,2,3,2,4,2,1,0,2,0,1,1,1,1,1
331,3,18,1,2,1864,0,0,4,0,2,2,3,1,1,2,1,1,0,1,0,3
332,0,60,3,4,7408,0,2,4,0,2,2,1,1,1,1,0,1,0,1,0,2
333,3,48,1,9,11590,0,0,2,0,2,4,0,0,2,2,3,1,0,1,0,2
334,1,24,4,3,4110,2,3,3,3,2,4,2,0,2,2,1,2,0,1,0,2
335,1,6,1,3,3384,2,0,1,1,2,4,3,1,2,1,0,1,1,1,0,0
336,0,13,3,6,2101,2,2,2,0,1,4,1,1,1,1,3,1,0,1,1,2
337,1,15,3,1,1275,4,0,4,0,2,2,0,1,2,1,1,1,0,1,0,2
338,1,24,3,3,4169,2,0,4,3,2,4,1,1,1,1,1,1,0,1,1,3
339,0,10,3,3,1521,2,0,4,1,2,2,0,1,1,1,3,1,0,1,1,3
340,0,24,1,2,5743,2,2,2,0,2,4,2,1,0,2,1,1,1,1,1,2
341,1,21,3,3,3599,2,1,1,0,2,4,0,1,2,1,3,1,0,1,1,3
342,0,18,3,6,3213,1,2,1,2,2,3,3,1,2,1,1,1,0,1,1,2
343,0,18,3,0,4439,2,3,1,3,0,1,3,0,1,1,0,1,1,1,1,3
344,2,10,3,4,3949,2,2,1,3,1,1,1,1,1,1,3,2,0,1,1,0
345,3,15,1,6,1459,2,0,4,0,2,2,0,1,1,1,3,1,0,1,1,0
346,0,13,1,6,882,2,2,4,3,1,4,3,1,1,2,1,1,0,1,1,2
347,0,24,3,6,3758,1,4,1,0,2,4,2,1,2,1,2,1,0,1,1,2
348,3,6,2,0,1743,0,0,1,3,2,2,3,1,1,2,3,1,0,1,1,3
349,0,9,1,2,1136,3,3,4,3,2,3,2,1,0,2,1,2,0,1,0,3
350,3,9,3,1,1236,2,2,1,0,2,4,3,1,2,1,1,1,1,1,1,2
351,0,9,3,3,959,2,0,1,0,2,2,0,1,1,1,1,1,0,0,0,3
352,3,18,1,9,3229,4,4,2,3,2,4,2,1,1,1,0,1,1,1,1,0
353,1,12,4,6,6199,2,0,4,3,2,2,1,1,2,2,1,1,1,1,0,3
354,3,10,3,2,727,1,3,4,3,2,4,2,1,0,1,1,1,1,1,1,0
355,0,24,3,4,1246,2,2,4,3,2,2,3,2,1,1,3,1,0,1,0,2
356,3,12,1,6,2331,4,3,1,3,0,4,3,1,1,1,1,1,1,1,1,0
357,3,36,2,6,4463,2,0,4,3,2,2,0,1,1,2,0,1,1,1,0,3
358,3,12,3,6,776,2,0,4,2,2,2,3,1,1,1,1,1,0,1,1,3
359,1,30,3,3,2406,2,1,4,0,2,4,3,1,2,1,1,1,0,1,0,2
360,0,18,3,2,1239,4,0,4,3,2,4,2,1,0,1,1,1,0,1,1,1
361,2,12,3,6,3399,4,3,2,3,2,3,0,1,1,1,0,1,0,1,1,0
362,2,12,2,4,2247,2,0,2,0,2,2,0,2,1,2,1,1,1,1,1,0
363,3,6,3,3,1766,2,0,1,2,2,2,1,1,2,1,1,1,0,1,1,2
364,1,18,3,3,2473,2,4,4,3,2,1,0,1,1,1,2,1,0,1,0,2
365,3,12,3,0,1542,2,1,2,3,2,4,0,1,1,1,1,1,1,1,1,0
366,3,18,1,9,3850,2,1,3,3,2,1,0,1,1,2,1,1,0,1,1,3
367,1,18,3,3,3650,2,2,1,0,2,4,0,1,2,1,1,1,0,1,1,2
368,1,36,3,3,3446,2,3,4,3,2,2,0,1,1,1,1,2,0,1,0,0
369,0,18,3,3,3001,2,1,2,0,2,4,3,1,2,1,1,1,0,1,1,0
370,3,36,3,4,3079,4,0,4,3,2,4,3,1,1,1,1,1,0,1,1,0
371,3,18,1,6,6070,2,3,3,3,2,4,0,1,1,2,1,1,1,1,1,3
372,3,10,1,3,2146,2,2,1,0,2,3,3,1,2,2,1,1,0,1,1,2
373,3,60,1,4,13756,4,3,2,3,2,4,2,0,0,1,0,1,1,1,1,1
374,0,60,0,5,14782,0,3,3,0,2,4,2,0,0,2,0,1,1,1,0,1
375,1,48,0,0,7685,2,1,2,0,1,4,0,1,2,1,1,1,0,1,0,0
376,3,18,2,6,2320,2,4,2,2,2,3,3,1,1,2,1,1,0,1,1,3
377,3,7,2,6,846,4,3,3,3,2,4,2,1,0,1,1,1,0,1,1,0
378,0,36,3,4,14318,2,3,4,3,2,2,2,1,0,1,0,1,1,1,0,1
379,3,6,1,4,362,0,0,4,0,2,4,0,1,1,2,3,1,0,1,1,0
380,1,20,3,3,2212,4,1,4,3,2,4,0,1,1,1,1,1,1,1,1,0
381,0,18,3,9,12976,2,4,3,0,2,4,2,1,0,1,0,1,1,1,0,0
382,3,22,3,4,1283,4,1,4,0,2,4,1,1,2,1,1,1,0,1,1,2
383,2,12,3,4,1330,2,2,4,3,2,1,3,1,1,1,1,1,0,1,1,3
384,3,30,2,0,4272,0,0,2,3,2,2,1,1,1,2,3,1,0,1,1,3
385,3,18,1,6,2238,2,0,2,0,2,1,0,1,1,2,1,1,0,1,1,2
386,3,18,3,6,1126,4,2,4,0,2,2,3,1,2,1,1,1,1,1,1,2
387,0,18,1,3,7374,2,4,4,3,2,4,1,2,1,2,0,1,1,1,1,0
388,0,15,1,0,2326,1,0,2,3,2,4,0,0,1,1,1,1,0,1,1,3
389,3,9,3,0,1449,2,1,3,0,2,2,0,1,1,2,1,1,0,1,1,3
390,3,18,3,4,1820,2,0,2,2,2,2,1,1,1,1,0,1,1,1,1,3
391,0,12,3,3,983,3,2,1,0,2,4,3,1,2,1,3,1,0,1,1,2
392,1,36,3,4,3249,2,1,2,3,2,4,2,0,0,1,0,2,1,1,1,0
393,1,6,1,6,1957,2,1,1,0,2,4,0,1,1,1,1,1,0,1,1,3
394,3,9,1,3,2406,2,4,2,3,2,3,0,1,1,1,0,1,0,1,1,3
395,0,39,2,2,11760,0,1,2,3,2,3,2,1,2,1,1,1,1,1,1,3
396,1,12,3,3,2578,2,4,3,0,2,4,2,1,0,1,0,1,0,1,1,0
397,1,36,1,3,2348,2,0,3,2,2,2,1,1,1,2,1,1,1,1,1,0
398,0,12,3,4,1223,2,3,1,1,2,1,3,1,2,2,1,1,0,1,0,0
399,3,24,1,6,1516,3,0,4,0,2,1,3,1,1,2,3,1,0,1,1,0
400,3,18,3,6,1473,2,2,3,2,2,4,3,1,1,1,1,1,1,1,1,0
401,0,18,1,0,1887,4,0,4,2,2,4,3,0,1,2,1,1,0,1,1,3
402,3,24,2,0,8648,2,2,2,3,2,2,0,0,1,2,1,1,1,1,0,3
403,3,14,2,4,802,2,0,4,3,2,2,0,1,1,2,3,1,0,1,1,3
404,0,18,2,4,2899,4,3,4,3,2,4,0,1,1,1,1,2,0,1,1,0
405,0,24,3,6,2039,2,2,1,2,2,1,1,1,1,1,1,1,1,1,0,2
406,3,24,1,9,2197,4,1,4,3,2,4,0,1,1,2,1,2,1,1,1,0
407,1,15,3,6,1053,2,2,4,2,2,2,3,1,1,1,1,1,0,0,1,3
408,3,24,3,6,3235,1,3,3,1,2,2,0,1,1,1,0,1,1,1,1,3
409,2,12,1,4,939,1,1,4,2,2,2,3,1,1,3,1,1,1,1,0,3
410,0,24,3,6,1967,2,3,4,0,2,4,0,1,1,1,1,1,1,1,1,2
411,3,33,1,9,7253,2,1,3,3,2,2,0,1,1,2,0,1,1,1,1,3
412,3,12,1,0,2292,2,4,4,3,2,2,0,2,1,2,0,1,1,1,0,0
413,3,10,3,4,1597,1,0,3,3,2,2,2,1,2,1,3,2,0,0,1,0
414,1,24,3,4,1381,4,0,4,0,2,2,1,1,1,1,1,1,0,1,0,3
415,3,36,1,9,5842,2,3,2,3,2,2,1,1,1,2,1,2,1,1,1,3
416,1,12,3,4,2579,2,2,4,3,2,1,3,1,1,1,3,2,0,1,0,3
417,1,18,2,2,8471,4,0,1,0,2,2,0,1,2,2,1,1,1,1,1,2
418,3,21,3,4,2782,1,1,1,0,2,2,0,0,1,1,0,1,0,1,1,3
419,0,18,3,4,1042,4,0,4,0,2,2,1,1,1,1,1,1,0,1,0,3
420,3,15,3,4,3186,3,1,2,0,2,3,0,1,2,1,1,1,0,1,1,2
421,0,12,3,9,2028,4,0,4,3,2,2,0,1,1,1,1,1,0,1,1,3
422,0,12,1,4,958,2,1,2,3,2,3,3,1,1,2,3,2,0,1,1,0
423,3,21,2,3,1591,0,1,4,3,2,3,3,1,1,2,0,1,0,1,1,3
424,0,12,3,3,2762,4,3,1,0,2,2,1,0,1,1,1,1,1,1,0,2
425,0,18,3,9,2779,2,0,1,2,2,3,0,1,2,1,1,1,1,1,1,2
426,3,28,1,6,2743,2,3,4,3,2,2,0,1,1,2,1,1,0,1,1,3
427,3,18,1,6,1149,3,0,4,3,2,3,3,1,1,2,1,1,0,1,1,0
428,3,9,3,3,1313,2,3,1,3,2,4,0,1,1,1,1,1,0,1,1,2
429,1,18,1,7,1190,2,4,2,0,2,4,2,1,0,3,2,2,0,1,0,0
430,3,5,3,0,3448,2,1,1,3,2,4,3,1,1,1,3,1,0,1,1,1
431,0,24,3,5,11328,2,0,2,3,0,3,0,0,1,2,0,1,1,1,0,3
432,1,6,1,3,1872,2,4,4,3,2,4,2,1,0,3,0,1,1,1,1,0
433,3,24,1,7,2058,2,0,4,1,2,2,3,1,1,2,1,1,1,1,1,3
434,1,9,3,3,2136,2,0,3,3,2,2,3,1,1,1,1,1,0,1,1,2
435,0,12,3,6,1484,4,0,2,2,2,1,3,1,1,1,1,1,1,1,0,2
436,3,6,3,7,660,1,1,2,2,2,4,3,1,2,1,3,1,0,1,1,2
437,3,24,1,4,1287,3,3,4,0,2,4,3,1,1,2,1,1,1,1,1,0
438,1,42,1,7,3394,2,4,4,3,0,4,0,1,1,2,2,1,0,1,1,1
439,2,12,0,0,609,2,2,4,0,2,1,3,1,1,1,2,1,0,1,0,3
440,3,12,3,4,1884,2,3,4,3,2,4,0,1,1,1,0,1,1,1,1,0
441,1,12,3,3,1620,2,0,2,0,0,3,1,1,1,1,1,1,0,1,1,3
442,0,20,2,5,2629,2,0,2,3,2,3,0,0,1,2,1,1,1,1,1,3
443,3,12,3,2,719,2,3,4,3,2,4,0,0,1,1,3,2,0,1,0,0
444,0,48,1,3,5096,2,0,2,0,2,3,0,1,1,1,0,1,1,1,0,3
445,3,9,1,2,1244,4,3,4,0,2,4,1,1,2,2,3,1,0,1,1,0
446,1,36,3,4,1842,2,2,4,0,2,4,0,1,1,1,1,1,1,1,0,3
447,0,7,3,6,2576,2,0,2,3,1,2,3,1,1,1,1,1,0,1,1,3
448,2,12,3,3,1424,4,3,3,0,2,4,3,1,1,1,0,1,1,1,1,0
449,0,15,2,7,1512,3,0,3,2,2,3,1,2,1,2,1,1,0,1,0,1
450,3,36,1,9,11054,4,0,4,3,2,2,0,1,1,1,0,1,1,1,1,3
451,3,6,3,6,518,2,0,3,0,2,1,3,1,1,1,1,1,0,1,1,3
452,3,12,4,3,2759,2,3,2,3,2,4,1,1,1,2,1,1,0,1,1,3
453,3,24,3,9,2670,2,3,4,3,2,4,0,1,1,1,0,1,1,1,1,3
454,1,24,3,4,4817,2,1,2,3,0,3,1,1,1,1,1,1,1,1,0,3
455,3,24,3,9,2679,2,2,4,0,2,1,2,1,1,1,0,1,1,1,1,3
456,1,11,1,4,3905,2,0,2,3,2,2,3,1,2,2,1,2,0,1,1,0
457,1,12,3,9,3386,2,3,3,3,2,4,2,1,0,1,1,1,1,1,0,3
458,1,6,3,1,343,2,2,4,0,2,1,3,1,1,1,1,1,0,1,1,3
459,3,18,3,6,4594,2,2,3,3,2,2,0,1,1,1,1,1,1,1,1,3
460,1,36,3,3,3620,2,0,1,3,1,2,1,1,1,1,1,2,0,1,1,0
461,1,15,3,4,1721,2,2,2,3,2,3,3,1,1,1,1,1,0,1,1,0
462,0,12,3,3,3017,2,2,3,0,2,1,3,1,2,1,0,1,0,1,1,3
463,0,12,3,8,754,4,3,4,3,2,4,1,1,1,2,1,1,0,1,1,0
464,3,18,3,0,1950,2,1,4,3,2,1,0,2,1,2,1,1,1,1,1,3
465,1,24,3,9,2924,2,0,3,3,1,4,2,0,1,1,1,2,1,1,1,1
466,1,24,2,6,1659,2,2,4,0,2,2,0,1,2,1,3,1,1,1,0,3
467,3,48,2,6,7238,4,3,3,3,2,3,0,0,1,2,1,2,0,1,1,3
468,3,33,2,0,2764,2,0,2,0,2,2,0,1,1,2,1,1,1,1,1,3
469,3,24,2,9,4679,2,1,3,3,2,3,0,1,1,2,3,1,1,1,1,3
470,0,24,3,6,3092,0,2,3,2,2,2,0,1,2,1,1,1,1,1,0,2
471,1,6,3,2,448,2,2,4,0,2,4,1,1,1,1,1,1,0,1,0,2
472,1,9,3,4,654,2,0,4,3,2,3,0,1,1,1,3,1,0,1,0,3
473,3,6,3,8,1238,4,4,4,3,2,4,1,1,1,1,0,2,1,1,1,0
474,0,18,1,6,1245,2,0,4,2,2,2,0,1,1,1,1,1,0,1,0,3
475,1,18,4,3,3114,2,2,1,0,2,4,1,1,2,1,1,1,0,1,0,3
476,3,39,3,9,2569,1,0,4,3,2,4,0,1,1,1,1,1,0,1,1,2
477,2,24,3,6,5152,2,1,4,3,2,2,0,0,1,1,1,1,0,1,1,2
478,0,12,3,0,1037,0,1,3,3,2,4,3,1,1,1,3,1,0,1,1,0
479,1,15,1,3,1478,2,3,4,3,2,4,0,1,1,2,1,2,1,1,1,0
480,0,12,1,6,3573,2,0,1,0,2,1,3,1,1,1,3,1,0,1,1,2
481,0,24,3,4,1201,2,2,4,3,2,1,1,1,1,1,1,1,0,1,1,3
482,1,30,3,3,3622,3,3,4,0,2,4,1,1,2,2,1,1,1,1,1,1
483,3,15,2,3,960,3,1,3,0,2,2,1,1,1,2,1,1,0,1,1,3
484,3,12,1,4,1163,1,0,4,3,2,4,3,1,1,1,1,1,1,1,1,0
485,0,6,2,4,1209,2,4,4,3,2,4,1,1,1,1,0,1,1,1,0,0
486,3,12,3,6,3077,2,0,2,3,2,4,0,1,1,1,1,1,1,1,1,0
487,3,24,3,4,3757,2,3,4,0,0,4,2,1,0,1,1,1,1,1,1,1
488,3,10,3,4,1418,0,0,3,3,2,2,3,1,2,1,3,1,0,0,1,3
489,3,6,3,4,3518,2,0,2,3,1,3,1,1,2,1,1,1,0,1,1,3
490,3,12,1,6,1934,2,3,2,3,2,2,2,1,1,2,1,1,0,1,1,3
491,0,27,4,0,8318,2,3,2,0,2,4,2,1,0,2,0,1,1,1,0,0
492,3,6,1,6,1237,0,0,1,0,2,1,1,1,1,2,1,1,0,1,1,3
493,0,6,3,6,368,4,3,4,3,2,4,1,1,1,1,1,1,0,1,1,0
494,1,12,1,4,2122,2,0,3,3,2,2,3,1,2,2,3,2,0,0,1,0
495,1,24,3,3,2996,4,0,2,2,2,4,0,1,1,1,1,1,0,1,0,2
496,0,36,3,3,9034,0,2,4,3,0,1,2,1,2,1,0,1,1,1,0,3
497,3,24,1,3,1585,2,1,4,3,2,3,1,1,1,2,1,1,0,1,1,0
498,0,18,3,6,1301,2,3,4,2,1,2,3,1,1,1,3,1,0,1,1,3
499,2,6,1,4,1323,0,3,2,1,2,4,0,1,1,2,1,2,1,1,1,3
500,1,24,3,4,3123,2,2,4,0,2,1,1,1,1,1,1,1,0,1,0,3
501,1,36,3,9,5493,2,3,2,3,2,4,2,1,0,1,1,2,0,1,1,0
502,2,9,3,6,1126,0,3,2,1,2,4,3,1,1,1,1,1,0,1,1,0
503,0,24,1,6,1216,0,2,4,3,2,4,2,0,1,2,1,2,0,1,0,0
504,1,24,3,4,1207,2,2,4,0,2,4,1,1,2,1,1,1,0,1,0,2
505,3,10,3,4,1309,4,0,4,3,1,4,1,1,1,1,3,1,0,1,0,3
506,2,15,1,9,2360,1,0,2,3,2,2,0,1,1,1,1,1,1,1,1,0
507,0,15,0,4,6850,0,4,1,3,2,2,1,1,1,1,0,2,1,1,0,3
508,3,24,3,6,1413,2,0,4,2,2,2,1,1,1,1,1,1,0,1,1,3
509,3,39,3,9,8588,0,3,4,3,2,2,0,1,1,1,0,1,1,1,1,0
510,1,12,3,4,759,2,1,4,3,2,2,3,1,1,1,1,1,0,1,0,3
511,3,36,3,9,4686,2,0,2,3,2,2,2,1,0,1,0,1,1,1,1,3
512,2,15,3,0,2687,2,1,2,3,2,4,1,1,2,1,1,1,1,1,1,3
513,0,12,2,6,585,2,0,4,2,0,4,3,1,2,2,1,1,0,1,1,2
514,3,24,3,4,2255,4,2,4,3,2,1,1,1,1,1,1,1,0,1,1,0
515,1,6,1,4,609,2,1,4,0,2,3,1,1,1,2,1,1,0,0,1,0
516,1,6,1,4,1361,2,2,2,3,2,4,3,1,1,1,3,2,0,0,1,0
517,3,36,1,3,7127,2,2,2,0,2,4,1,1,2,2,1,1,1,1,0,2
518,1,6,3,4,1203,0,3,3,3,2,2,1,1,1,1,1,1,1,1,1,0
519,3,6,1,6,700,4,3,4,3,2,4,2,1,0,2,1,1,0,1,1,0
520,3,24,1,7,5507,2,3,3,3,2,4,2,1,0,2,1,1,0,1,1,0
521,1,18,3,6,3190,2,0,2,0,2,2,3,1,1,1,1,1,0,1,0,2
522,1,48,4,3,7119,2,0,3,3,2,4,2,1,0,2,1,2,0,1,0,0
523,3,24,3,9,3488,0,1,3,0,2,4,0,1,1,1,1,1,0,1,1,2
524,0,18,3,6,1113,2,0,4,0,1,4,3,1,1,1,3,2,0,1,1,3
525,0,26,3,9,7966,2,2,2,3,2,3,0,1,1,2,1,1,0,1,1,3
526,3,15,1,2,1532,0,0,4,0,2,3,0,1,1,1,1,1,0,1,1,3
527,3,4,1,6,1503,2,1,2,3,2,1,3,1,1,2,3,2,0,1,1,0
528,1,36,3,6,2302,2,0,4,1,2,4,0,1,2,1,1,1,0,1,0,3
529,1,6,3,4,662,2,2,3,3,2,4,3,1,1,1,3,2,1,1,1,0
530,0,36,3,2,2273,2,1,3,3,2,1,0,1,1,2,1,2,0,1,1,3
531,0,15,3,4,2631,0,0,2,0,2,4,0,1,2,2,1,1,1,1,0,3
532,3,12,2,9,1503,2,0,4,2,2,4,3,1,2,1,1,1,0,1,1,0
533,3,24,3,6,1311,0,1,4,2,2,3,1,1,1,1,1,1,1,1,1,3
534,3,24,3,6,3105,4,2,4,3,2,2,0,1,1,2,1,1,0,1,1,2
535,2,21,1,2,2319,2,2,2,1,2,1,0,1,2,1,1,1,0,1,0,3
536,1,6,3,4,1374,4,4,4,0,2,3,1,1,1,1,0,1,1,1,1,1
537,0,18,1,3,3612,2,3,3,0,2,4,1,1,1,1,1,1,1,1,1,0
538,1,48,3,4,7763,2,3,4,3,2,4,2,0,0,1,0,1,0,1,0,0
539,2,18,3,3,3049,2,2,1,0,2,1,1,2,1,1,3,1,0,1,1,0
540,0,12,3,6,1534,2,2,1,2,2,1,3,1,2,1,1,1,0,1,0,2
541,3,24,2,4,2032,2,3,4,3,2,4,2,1,0,2,1,1,1,1,1,1
542,1,30,3,3,6350,4,3,4,3,2,4,1,1,1,1,1,1,0,1,0,3
543,2,18,3,3,2864,2,0,2,3,2,1,3,1,1,1,3,2,0,1,0,3
544,3,12,1,4,1255,2,3,4,3,2,4,3,1,1,2,3,1,0,1,1,1
545,1,24,2,4,1333,2,4,4,3,2,2,3,1,0,2,1,2,0,1,0,0
546,3,24,1,4,2022,2,0,4,0,2,4,0,1,1,1,1,1,1,1,1,0
547,3,24,3,6,1552,2,1,3,3,2,1,0,0,1,1,1,2,0,1,1,3
548,1,12,0,6,626,2,0,4,0,2,4,3,0,1,1,3,1,0,1,0,2
549,3,48,1,9,8858,4,1,2,3,2,1,2,1,0,2,1,1,1,1,1,3
550,3,12,1,7,996,4,1,4,0,2,4,3,1,1,2,1,1,0,1,1,2
551,3,6,0,6,1750,1,3,2,3,2,4,1,0,1,1,3,2,0,1,1,0
552,1,48,3,6,6999,2,1,1,2,1,1,3,1,1,2,1,1,1,1,0,3
553,0,12,1,4,1995,0,2,4,3,2,1,0,1,1,1,1,1,0,1,1,3
554,0,9,3,2,1199,2,1,4,0,2,4,1,1,1,2,0,1,1,1,1,1
555,0,12,3,6,1331,2,2,2,3,2,1,0,2,1,1,1,1,0,1,0,2
556,0,18,4,4,2278,0,2,3,0,2,3,0,1,1,2,1,1,0,1,0,3
557,3,21,4,4,5003,4,0,1,0,2,4,1,0,1,2,1,1,1,1,0,3
558,1,24,0,3,3552,2,1,3,3,2,4,0,0,1,1,1,1,0,1,0,3
559,0,18,1,3,1928,2,2,2,3,2,2,3,1,1,2,3,1,0,1,0,3
560,1,24,3,9,2964,4,3,4,3,2,4,2,0,0,1,1,2,1,1,1,0
561,1,24,0,6,1546,2,1,4,3,1,4,0,0,2,1,3,1,0,1,0,2
562,2,6,2,6,683,2,2,2,0,2,1,1,0,1,1,1,1,0,1,1,3
563,0,36,3,4,12389,4,0,1,3,2,4,2,1,0,1,1,1,1,1,0,0
564,0,24,2,0,4712,4,0,4,3,2,2,1,0,1,2,0,1,1,1,1,0
565,0,24,2,6,1553,0,1,3,0,2,2,1,1,2,2,1,1,1,1,1,2
566,1,12,3,4,1372,2,1,2,1,2,3,0,1,1,1,1,1,0,1,0,0
567,3,24,1,6,2578,3,3,2,3,2,2,0,1,1,1,1,1,0,1,1,3
568,0,48,3,6,3979,4,1,4,3,2,1,0,1,1,2,1,2,1,1,1,0
569,1,48,3,6,6758,2,0,3,0,2,2,0,1,1,1,1,1,1,1,0,3
570,1,24,3,3,3234,2,2,4,0,2,4,3,1,2,1,3,1,1,1,0,2
571,3,30,1,6,5954,2,1,3,3,0,2,0,1,1,1,1,1,0,1,1,0
572,3,24,3,9,5433,4,4,2,0,2,4,1,1,2,1,0,1,1,1,1,3
573,1,15,3,0,806,2,0,4,0,2,4,1,1,1,1,3,1,0,1,1,2
574,0,9,3,6,1082,2,3,4,3,2,4,0,1,1,2,3,1,0,1,1,3
575,3,15,1,3,2788,2,1,2,0,0,3,0,0,1,2,1,1,0,1,1,2
576,0,12,3,6,2930,2,1,2,0,2,1,3,1,1,1,1,1,0,1,1,3
577,3,24,1,2,1927,4,0,3,0,2,2,0,1,1,2,1,1,1,1,1,3
578,0,36,1,4,2820,2,2,4,1,2,4,0,1,1,2,1,1,0,1,0,3
579,3,24,3,8,937,2,2,4,2,2,3,0,1,1,2,3,1,0,1,1,3
580,0,18,1,4,1056,2,3,3,3,1,3,3,0,1,2,1,1,0,1,0,3
581,0,12,1,4,3124,2,2,1,3,2,3,3,0,1,2,3,2,0,1,1,0
582,3,9,3,3,1388,2,0,4,0,2,2,3,1,2,1,1,1,0,1,1,3
583,0,36,3,7,2384,2,2,4,3,2,1,2,1,2,1,3,1,0,1,0,3
584,3,12,3,4,2133,4,3,4,0,2,4,2,1,0,1,0,1,1,1,1,0
585,1,18,3,3,2039,2,0,1,0,2,4,3,0,2,1,1,1,0,1,0,2
586,1,9,1,4,2799,2,0,2,3,2,2,3,1,2,2,1,2,0,1,1,0
587,1,12,3,3,1289,2,0,4,3,1,1,1,1,1,1,3,1,0,1,1,2
588,1,18,3,1,1217,2,0,4,2,2,3,3,1,1,1,3,1,1,1,0,0
589,1,12,1,3,2246,2,3,3,3,2,3,1,1,1,2,1,1,0,1,0,1
590,1,12,1,6,385,2,1,4,0,2,3,3,1,1,4,3,1,1,1,1,1
591,0,24,2,4,1965,4,0,4,0,2,4,0,1,2,2,1,1,1,1,1,0
592,3,21,3,0,1572,3,3,4,0,2,4,3,0,1,1,3,1,0,1,1,0
593,0,24,3,4,2718,2,0,3,0,2,4,1,1,2,1,3,1,1,1,0,2
594,1,24,0,5,1358,4,3,4,3,2,3,0,2,1,1,0,1,1,1,0,0
595,0,6,0,4,931,0,2,1,0,2,1,1,2,1,1,3,1,0,1,0,3
596,1,24,3,4,1442,2,1,4,0,2,4,0,1,2,2,1,1,0,1,0,2
597,0,24,4,0,4241,2,0,1,3,2,4,3,1,1,3,3,1,1,1,0,0
598,3,18,1,4,2775,2,1,2,3,2,2,1,0,1,2,1,1,0,1,0,3
599,3,24,2,0,3863,2,0,1,3,2,2,2,1,0,1,1,1,0,1,1,3
600,0,7,3,6,2329,2,2,1,0,1,1,3,1,1,1,1,1,0,1,1,0
601,0,9,3,3,918,2,0,4,0,2,1,1,1,1,1,1,1,0,1,0,3
602,0,24,0,2,1837,2,1,4,0,2,4,2,0,0,1,3,1,0,1,0,3
603,3,36,3,3,3349,2,0,4,0,2,2,0,1,1,1,0,1,1,1,0,3
604,2,10,3,3,1275,2,2,4,0,2,2,1,1,1,1,1,1,0,1,1,2
605,1,24,0,3,2828,1,0,4,3,2,4,3,2,1,1,1,1,1,1,1,2
606,3,24,1,0,4526,2,0,3,3,2,2,3,1,1,1,0,1,1,1,1,1
607,0,36,3,6,2671,0,0,4,0,0,4,2,1,0,1,1,1,0,1,0,0
608,3,18,3,6,2051,2,2,4,3,2,1,3,1,1,1,1,1,0,1,1,3
609,3,15,3,9,1300,4,3,4,3,2,4,2,0,0,1,1,2,0,1,1,0
610,1,12,3,1,741,0,4,4,0,2,3,1,1,1,1,1,1,0,1,0,2
611,2,10,3,4,1240,0,3,1,0,2,4,2,1,0,1,3,2,0,1,0,0
612,1,21,3,6,3357,3,2,4,0,2,2,0,0,1,1,1,1,0,1,1,3
613,1,24,0,9,3632,2,0,1,0,1,4,0,0,2,1,1,1,0,0,1,2
614,3,18,2,3,1808,2,1,4,0,2,1,3,1,1,1,1,1,0,1,0,2
615,0,48,4,0,12204,4,0,2,3,2,2,0,0,1,1,0,1,1,1,1,0
616,0,60,2,6,9157,4,0,2,3,2,2,2,1,0,1,0,1,0,1,1,3
617,1,6,1,4,3676,2,0,1,3,2,3,3,1,2,3,1,2,0,1,1,0
618,0,30,3,3,3441,0,0,2,0,0,4,0,1,2,1,1,1,0,1,0,2
619,3,12,3,4,640,2,0,4,1,2,2,3,1,1,1,3,1,0,1,1,0
620,0,21,1,0,3652,2,1,2,3,2,3,1,1,1,2,1,1,0,1,1,3
621,3,18,1,4,1530,2,0,3,3,2,2,1,0,1,2,1,1,0,1,0,3
622,3,48,3,0,3914,4,0,4,1,2,2,3,0,1,1,1,1,0,1,0,0
623,1,12,3,3,1858,2,2,4,0,2,1,0,1,2,1,1,1,0,1,1,2
624,1,18,3,6,2600,2,0,4,3,2,4,2,1,0,2,1,1,0,1,0,1
625,3,15,3,6,1979,4,3,4,3,2,2,0,1,1,1,1,1,0,1,1,3
626,2,6,3,3,2116,2,0,2,3,2,2,3,1,1,1,1,1,1,1,1,0
627,0,9,0,4,1437,0,1,2,3,2,3,2,1,1,1,1,1,0,1,0,3
628,3,42,1,3,4042,1,0,4,3,2,4,3,1,1,2,1,1,1,1,1,0
629,3,9,3,2,3832,4,3,1,3,2,4,3,1,1,1,3,1,0,1,1,1
630,1,24,3,6,3660,2,0,2,0,2,4,0,1,1,1,1,1,0,1,1,3
631,1,18,0,3,1553,2,0,4,3,2,3,0,0,1,1,1,1,0,1,0,0
632,0,15,3,6,1444,4,2,4,3,2,1,1,1,1,1,1,1,0,1,1,2
633,3,9,3,3,1980,2,2,2,0,0,2,0,1,2,2,1,1,0,1,0,2
634,0,24,3,4,1355,2,2,3,0,2,4,0,1,1,1,3,1,1,1,0,2
635,3,12,3,2,1393,2,3,4,3,2,4,1,0,1,3,1,2,1,1,1,0
636,3,24,3,6,1376,1,1,4,0,2,1,0,1,1,1,1,1,0,1,1,3
637,3,60,2,6,15653,2,1,2,3,2,4,0,1,1,2,1,1,1,1,1,2
638,3,12,3,6,1493,2,2,4,0,2,3,0,1,1,1,1,2,0,1,1,3
639,1,42,2,6,4370,2,1,3,3,2,2,1,0,1,2,1,2,1,1,0,3
640,1,18,3,2,750,2,4,4,0,2,1,3,1,1,1,2,1,0,1,0,3
641,0,15,3,7,1308,2,3,4,3,2,4,0,1,1,2,3,1,0,1,1,0
642,3,15,3,2,4623,0,0,3,3,2,2,1,1,1,1,0,1,1,1,0,0
643,3,24,1,6,1851,2,1,4,2,1,2,0,1,1,2,1,1,1,1,1,3
644,1,18,1,6,1880,2,1,4,2,2,1,1,1,1,2,0,1,1,1,1,3
645,3,36,2,0,7980,4,2,4,3,2,4,0,1,2,2,1,1,1,1,0,3
646,1,30,4,3,4583,2,0,2,1,1,2,3,1,1,2,1,1,0,1,1,3
647,3,12,3,4,1386,1,0,2,0,2,2,1,1,1,1,1,1,0,1,0,3
648,2,24,3,4,947,2,1,4,3,2,3,2,0,0,1,1,2,0,1,0,0
649,1,12,3,2,684,2,0,4,3,2,4,0,1,2,1,3,2,0,1,0,0
650,1,48,3,2,7476,2,1,4,3,2,1,2,1,0,1,0,1,1,1,1,0
651,0,12,3,3,1922,2,0,4,3,2,2,1,1,1,1,3,1,0,1,0,0
652,1,24,3,4,2303,2,3,4,3,0,1,3,1,1,1,1,1,0,1,0,0
653,0,36,2,4,8086,0,3,2,3,2,4,0,1,1,4,0,1,1,1,0,0
654,3,24,1,9,2346,2,1,4,3,2,3,0,1,1,2,1,1,1,1,1,3
655,1,14,3,4,3973,2,4,1,3,2,4,2,1,0,1,1,1,0,1,1,2
656,0,12,3,4,888,2,3,4,3,2,4,0,0,1,1,3,2,0,1,0,0
657,3,48,3,6,10222,4,1,4,3,2,3,0,2,1,1,1,1,1,1,1,0
658,0,30,4,0,4221,2,0,2,0,2,1,0,1,1,2,1,1,0,1,1,3
659,0,18,1,3,6361,2,3,2,3,2,1,2,1,1,1,1,1,1,1,1,0
660,2,12,3,6,1297,2,0,3,2,2,4,3,1,2,1,1,1,0,1,1,2
661,1,12,3,4,900,4,0,4,2,2,2,0,1,1,1,1,1,0,1,0,2
662,3,21,3,3,2241,2,3,4,3,2,2,3,1,1,2,1,1,0,1,1,0
663,0,6,2,3,1050,2,4,4,3,2,1,1,2,1,2,0,1,1,1,1,3
664,2,6,1,2,1047,2,0,2,0,2,4,1,1,1,1,3,1,0,1,1,0
665,3,24,1,5,6314,2,4,4,3,0,2,2,0,1,2,0,1,1,1,1,3
666,0,30,0,3,3496,3,0,4,3,2,2,0,2,1,1,1,2,1,1,1,3
667,3,48,0,0,3609,2,0,1,0,2,1,3,2,1,1,1,1,0,1,1,3
668,1,12,1,4,4843,2,3,3,3,0,4,1,1,2,2,1,1,1,1,0,0
669,2,30,1,6,3017,2,3,4,3,2,4,1,1,1,1,1,1,0,1,1,0
670,3,24,1,0,4139,0,0,3,3,2,3,1,1,1,2,3,1,1,1,1,3
671,3,36,3,0,5742,0,1,2,3,2,2,0,1,1,2,1,1,1,1,1,3
672,3,60,3,4,10366,2,3,2,3,2,4,1,1,1,1,0,1,1,1,1,0
673,3,6,1,4,2080,1,0,1,2,2,2,0,1,1,1,1,1,0,1,1,2
674,3,21,2,0,2580,1,2,4,3,2,2,3,0,1,1,3,2,0,1,0,0
675,3,30,1,6,4530,2,1,4,0,2,4,0,1,2,1,0,1,1,1,1,3
676,3,24,1,3,5150,2,3,4,3,2,4,0,1,1,1,1,1,1,1,1,3
677,0,72,3,6,5595,0,0,2,2,2,2,0,1,1,1,1,1,0,1,0,2
678,1,24,3,6,2384,2,3,4,3,2,4,3,0,2,1,3,1,0,1,1,1
679,3,18,3,6,1453,2,2,3,0,2,1,3,1,1,1,1,1,0,1,1,3
680,3,6,3,2,1538,2,2,1,0,2,2,2,1,1,1,1,1,0,1,1,1
681,3,12,3,6,2279,4,0,4,3,2,4,2,1,0,1,1,1,1,1,1,0
682,3,15,2,6,1478,2,0,4,2,2,3,3,0,1,2,1,1,0,1,1,3
683,3,24,1,6,5103,2,2,3,2,2,3,2,1,0,3,1,1,1,1,1,0
684,0,36,2,0,9857,0,1,1,3,2,3,1,1,1,2,3,2,1,1,1,3
685,3,60,3,4,6527,4,0,4,3,2,4,2,1,0,1,1,2,1,1,1,3
686,2,10,1,6,1347,4,1,4,3,2,2,1,1,1,2,1,1,1,1,1,3
687,0,36,2,4,2862,0,3,4,3,2,3,2,1,0,1,1,1,0,1,1,3
688,3,9,3,6,2753,0,3,3,3,0,4,0,1,1,1,1,1,1,1,1,3
689,1,12,3,4,3651,3,0,1,3,2,3,1,1,1,1,1,2,0,1,1,3
690,1,15,1,3,975,2,0,2,1,2,3,1,1,1,2,1,1,0,1,1,2
691,0,15,3,7,2631,0,0,3,0,2,2,3,1,1,1,3,1,0,1,1,2
692,0,24,3,6,2896,0,2,2,3,2,1,0,1,1,1,1,1,0,1,1,3
693,1,6,1,4,4716,4,2,1,3,2,3,3,1,1,2,3,2,0,1,1,0
694,3,24,3,6,2284,2,1,4,3,2,2,0,1,1,1,1,1,1,1,1,3
695,3,6,3,9,1236,1,0,2,3,2,4,1,1,2,1,1,1,0,1,1,0
696,0,12,3,6,1103,2,1,4,3,1,3,3,1,1,2,1,1,0,0,1,3
697,3,12,1,4,926,2,4,1,0,2,2,1,1,1,1,2,1,0,1,1,0
698,3,18,1,6,1800,2,0,4,3,2,2,0,1,1,2,1,1,0,1,1,2
699,2,15,3,2,1905,2,3,4,3,2,4,0,1,2,1,0,1,1,1,1,0
700,3,12,3,3,1123,1,0,4,0,2,4,0,1,2,1,3,1,0,1,0,3
701,1,48,1,9,6331,2,3,4,3,2,4,2,1,0,2,1,1,1,1,0,0
702,2,24,3,6,1377,0,3,4,0,2,2,2,1,0,1,1,1,1,1,1,0
703,0,30,2,0,2503,0,3,4,3,2,2,1,2,1,2,1,1,0,1,1,0
704,0,27,3,0,2528,2,2,4,0,2,1,1,1,1,1,1,2,1,1,1,3
705,3,15,3,4,5324,1,3,1,0,2,4,2,1,0,1,1,1,0,1,1,3
706,0,48,3,4,6560,0,1,3,3,2,2,1,1,1,1,1,1,0,1,0,2
707,0,12,4,3,2969,2,2,4,0,2,3,1,1,2,2,1,1,0,1,0,2
708,0,9,3,6,1206,2,3,4,0,2,4,3,1,1,1,1,1,0,1,1,2
709,0,9,3,6,2118,2,0,2,3,2,2,3,1,1,1,3,2,0,1,1,0
710,3,18,1,6,629,1,3,4,3,2,3,1,0,1,2,0,1,1,1,1,3
711,1,6,0,2,1198,2,3,4,0,2,4,2,1,0,1,1,1,0,1,0,3
712,3,21,3,9,2476,4,3,4,3,2,4,3,1,1,1,0,1,1,1,1,0
713,1,9,1,6,1138,2,0,4,3,2,4,3,1,1,2,3,1,0,1,1,2
714,0,60,3,4,14027,2,1,4,3,2,2,2,1,1,1,0,1,1,1,0,3
715,3,30,1,9,7596,4,3,1,3,2,4,0,1,1,2,1,1,0,1,1,1
716,3,30,1,6,3077,4,3,3,3,2,2,0,1,1,2,1,2,1,1,1,0
717,3,18,3,6,1505,2,0,4,3,2,2,2,1,0,1,0,1,1,1,1,3
718,2,24,1,6,3148,4,0,3,3,2,2,0,1,1,2,1,1,1,1,1,3
719,0,20,4,9,6148,0,3,3,2,2,4,0,0,1,2,1,1,1,1,1,3
720,2,9,4,6,1337,2,2,4,3,2,2,0,1,1,2,0,1,1,1,0,3
721,0,6,0,2,433,3,2,4,0,2,2,1,0,2,1,1,2,0,1,0,2
722,1,12,3,4,1228,2,0,4,0,2,2,3,1,1,1,3,1,0,1,0,2
723,0,9,3,6,790,1,0,4,0,2,3,3,1,1,1,3,1,0,1,1,1
724,3,27,3,4,2570,2,0,3,0,2,3,3,1,2,1,1,1,0,1,0,2
725,3,6,1,4,250,3,0,2,0,2,2,3,0,1,2,3,1,0,1,1,0
726,3,15,1,6,1316,1,0,2,2,2,2,1,1,1,2,3,1,0,1,1,0
727,1,18,3,6,1882,2,0,4,0,2,4,0,0,2,2,1,1,0,1,0,2
728,0,48,0,0,6416,2,3,4,0,2,3,2,1,2,1,1,1,0,1,0,1
729,2,24,1,0,1275,3,0,2,1,2,4,3,1,1,2,1,1,1,1,1,0
730,0,24,2,6,6403,2,2,1,3,2,2,0,1,1,1,1,1,0,1,1,3
731,1,24,3,6,1987,2,0,2,3,2,4,3,1,2,1,3,2,0,1,0,2
732,0,8,3,6,760,2,1,4,0,1,2,3,1,1,1,3,1,0,1,1,0
733,3,24,3,9,2603,3,0,2,0,2,4,0,1,2,1,1,1,1,1,1,3
734,3,4,1,4,3380,2,1,1,0,2,1,3,1,1,1,1,2,0,1,1,0
735,0,36,0,1,3990,4,2,3,0,2,2,2,0,1,1,2,1,0,1,1,3
736,0,24,3,9,11560,2,0,1,0,2,4,0,1,2,2,0,1,0,1,0,2
737,1,18,3,4,4380,0,0,3,3,2,4,0,1,1,1,3,2,1,1,1,3
738,3,6,1,4,6761,2,1,1,3,2,3,2,1,1,2,0,2,1,1,1,0
739,0,30,4,0,4280,0,0,4,0,2,4,0,1,2,2,3,1,0,1,0,3
740,1,24,0,4,2325,0,1,2,3,2,3,0,0,1,1,1,1,0,1,1,3
741,0,10,0,6,1048,2,0,4,3,2,4,3,2,1,1,3,1,0,1,1,2
742,3,21,3,6,3160,4,3,4,3,2,3,1,1,1,1,1,1,1,1,1,0
743,1,24,0,3,2483,1,0,4,3,2,4,3,2,1,1,1,1,1,1,1,2
744,1,39,1,3,14179,4,1,4,3,2,4,1,1,1,2,0,1,1,1,1,3
745,1,13,1,0,1797,2,2,3,3,2,1,1,0,1,2,3,1,0,1,1,3
746,1,15,3,4,2511,2,4,1,0,2,4,0,1,2,1,1,1,0,1,1,2
747,1,12,3,4,1274,2,2,3,0,2,1,3,1,1,1,3,1,0,1,0,0
748,3,21,3,9,5248,4,0,1,3,2,3,0,1,1,1,1,1,0,1,1,3
749,3,15,3,9,3029,2,1,2,3,2,2,0,1,1,1,1,1,0,1,1,3
750,1,6,3,3,428,2,3,2,0,2,1,1,0,1,1,1,1,1,1,1,0
751,1,18,3,4,976,2,2,1,0,2,2,0,1,1,1,3,1,0,1,0,2
752,0,12,3,0,841,0,1,2,0,2,4,3,1,2,1,3,1,0,1,1,2
753,3,30,1,6,5771,2,1,4,0,2,2,0,1,1,2,1,1,0,1,1,2
754,3,12,2,7,1555,3,3,4,3,2,4,2,1,0,2,1,2,0,1,0,0
755,1,24,3,4,1285,4,1,4,0,2,4,2,1,2,1,1,1,0,1,0,3
756,2,6,1,4,1299,2,0,1,3,2,1,3,1,1,3,2,2,0,0,1,1
757,2,15,1,6,1271,4,0,3,3,2,4,2,1,0,2,1,1,1,1,0,0
758,3,24,3,4,1393,2,0,2,3,1,2,3,1,1,1,1,1,1,1,1,3
759,1,12,1,4,691,2,3,4,3,2,3,1,1,1,2,1,1,0,1,0,3
760,3,15,1,4,5045,4,3,1,0,2,4,0,1,1,1,1,1,1,1,1,1
761,1,18,1,3,2124,2,0,4,0,2,4,3,1,2,2,1,1,0,1,0,2
762,1,12,3,6,2214,2,0,4,3,2,3,1,1,1,1,3,1,0,1,1,2
763,3,21,1,4,12680,4,3,4,3,2,4,2,1,0,1,0,1,1,1,0,3
764,3,24,1,4,2463,0,1,4,2,2,3,1,1,1,2,1,1,1,1,1,3
765,0,12,3,6,1155,2,3,3,2,1,3,3,0,1,2,3,1,0,1,1,0
766,1,30,3,3,3108,2,2,2,1,2,4,1,1,1,1,3,1,0,1,0,3
767,3,10,3,9,2901,4,2,1,0,2,4,3,1,2,1,1,1,0,1,1,3
768,0,12,1,3,3617,2,3,1,3,2,4,0,1,2,3,1,1,1,1,1,3
769,3,12,1,6,1655,2,3,2,3,2,4,3,1,1,2,3,1,1,1,1,1
770,1,24,3,9,2812,4,3,2,0,2,4,3,1,2,1,1,1,0,1,1,3
771,1,36,1,2,8065,2,0,3,0,2,2,2,1,1,2,0,1,1,1,0,2
772,3,21,1,9,3275,2,3,1,3,2,4,0,1,1,1,0,1,1,1,1,0
773,3,24,1,6,2223,0,3,4,3,2,4,1,0,1,2,1,1,0,1,1,0
774,2,12,1,4,1480,1,4,2,3,2,4,2,0,0,3,2,1,0,1,1,1
775,1,24,3,4,1371,4,0,4,0,2,4,3,1,2,1,1,1,0,1,0,2
776,3,36,1,4,3535,2,1,4,3,2,4,0,1,1,2,1,1,1,1,1,0
777,1,18,3,6,3509,2,1,4,0,1,1,3,1,1,1,1,1,0,1,1,2
778,3,36,1,9,5711,3,3,4,3,2,2,0,1,1,2,0,1,1,1,1,0
779,0,18,3,7,3872,2,4,2,0,2,4,0,1,1,1,1,1,1,1,1,1
780,0,39,1,6,4933,2,1,2,3,1,2,3,1,1,2,1,1,0,1,0,2
781,3,24,1,4,1940,3,3,4,3,2,4,3,1,1,1,1,1,1,1,1,1
782,0,12,4,8,1410,2,0,2,3,2,2,3,1,1,1,3,1,1,1,1,3
783,0,12,3,4,836,0,2,4,0,2,2,1,0,1,1,3,1,0,1,0,2
784,0,20,3,9,6468,4,4,1,1,2,4,3,1,1,1,0,1,1,1,1,1
785,0,18,3,0,1941,3,0,4,3,2,2,1,1,1,1,3,1,1,1,1,3
786,3,22,3,6,2675,1,3,3,3,2,4,0,1,1,1,1,1,0,1,1,0
787,3,48,1,9,2751,4,3,4,3,2,3,0,1,1,2,1,2,1,1,1,0
788,0,48,2,2,6224,2,3,4,3,2,4,2,1,0,1,1,1,0,1,0,0
789,1,40,1,2,5998,2,0,4,3,2,3,2,0,1,1,1,1,1,1,0,3
790,0,21,3,0,1188,2,3,2,0,2,4,1,1,1,1,1,2,0,1,0,0
791,3,24,3,9,6313,4,3,3,3,2,4,0,1,1,1,0,2,1,1,1,0
792,3,6,1,3,1221,4,0,1,2,2,2,1,1,1,2,1,1,0,1,1,3
793,2,24,3,3,2892,2,3,3,1,2,4,2,1,0,1,1,1,0,1,1,0
794,3,24,3,3,3062,1,3,4,3,2,3,2,1,2,1,1,1,1,1,1,3
795,3,9,3,3,2301,0,2,2,0,2,4,1,1,2,1,1,1,0,1,1,2
796,1,18,3,9,7511,4,3,1,3,2,4,1,1,0,1,1,2,1,1,0,0
797,3,12,1,3,1258,2,2,2,0,2,4,1,1,2,2,3,1,0,1,1,2
798,3,24,2,4,717,4,3,4,2,2,4,0,1,1,2,1,1,1,1,1,0
799,0,9,3,4,1549,4,2,4,3,2,2,3,1,1,1,2,1,0,1,1,3
800,3,24,1,2,1597,2,3,4,3,2,4,2,1,0,2,1,2,0,1,1,0
801,0,18,1,6,1795,2,3,3,0,1,4,3,0,2,2,3,1,1,1,1,0
802,1,20,1,3,4272,2,3,1,0,2,4,1,1,1,2,1,1,0,1,1,2
803,3,12,1,6,976,4,3,4,3,2,4,0,1,1,2,1,1,0,1,1,3
804,0,12,3,4,7472,4,4,1,0,2,2,3,1,2,1,2,1,0,1,1,2
805,1,36,3,4,9271,2,1,2,3,2,1,0,1,1,1,1,1,1,1,0,2
806,0,6,3,6,590,2,2,3,2,2,3,3,1,1,1,3,1,0,0,1,3
807,3,12,1,6,930,4,3,4,3,2,4,3,1,1,4,1,1,0,1,1,1
808,0,42,0,9,9283,2,4,1,3,2,2,2,0,0,1,0,1,1,1,1,0
809,0,15,4,4,1778,2,2,2,0,2,1,3,1,2,2,2,1,0,1,0,3
810,0,8,3,0,907,2,2,3,2,2,2,3,1,1,1,1,1,1,1,1,3
811,0,6,3,6,484,2,1,3,2,1,3,3,0,1,1,3,1,0,1,1,3
812,1,36,1,9,9629,2,1,4,3,2,4,0,1,1,2,1,1,1,1,0,2
813,1,48,3,1,3051,2,0,3,3,2,4,0,1,1,1,1,1,0,1,0,0
814,1,48,3,4,3931,2,1,4,3,2,4,2,1,0,1,1,2,0,1,0,0
815,0,36,2,4,7432,2,0,2,0,2,2,1,1,2,1,1,1,0,1,1,0
816,3,6,3,1,1338,1,0,1,1,2,4,3,1,1,1,1,1,0,1,1,1
817,3,6,1,6,1554,2,1,1,0,2,2,0,1,2,2,1,1,1,1,1,2
818,1,36,3,5,15857,2,4,2,1,0,3,0,1,1,1,0,1,0,1,1,0
819,1,18,3,6,1345,2,0,4,2,2,3,3,0,1,1,1,1,0,1,0,3
820,3,12,3,4,1101,2,0,3,2,2,2,3,1,1,2,1,1,1,1,1,3
821,2,12,3,6,3016,2,0,3,2,2,1,0,1,1,1,1,1,0,1,1,2
822,1,36,3,3,2712,2,3,2,3,2,2,1,0,1,1,1,2,0,1,0,0
823,1,8,1,4,731,2,3,4,3,2,4,3,1,1,2,3,1,0,1,1,0
824,3,18,1,3,3780,2,2,3,1,2,2,0,1,1,2,0,1,1,1,1,3
825,1,21,1,4,1602,2,3,4,2,2,3,0,1,1,2,1,1,1,1,1,3
826,1,18,1,4,3966,2,3,1,0,2,4,3,0,2,3,1,1,1,1,0,3
827,3,18,4,0,4165,2,0,2,3,2,2,0,2,1,2,1,2,0,1,0,0
828,1,36,3,9,8335,4,3,3,3,2,4,2,1,0,1,1,1,0,1,0,0
829,0,48,2,0,6681,4,0,4,3,2,4,2,1,0,1,1,2,1,1,1,0
830,3,24,2,0,2375,1,0,4,3,2,2,0,1,1,2,1,2,1,1,1,0
831,1,18,3,4,1216,2,2,4,0,2,3,0,1,2,1,1,1,1,1,0,2
832,1,45,4,0,11816,2,3,2,3,2,4,0,1,2,2,1,1,0,1,0,3
833,0,24,3,6,5084,4,3,2,0,2,4,0,1,1,1,1,1,1,1,1,0
834,2,15,3,6,2327,2,2,2,0,2,3,3,1,1,1,3,1,0,1,0,2
835,1,12,4,4,1082,2,0,4,3,2,4,0,0,1,2,1,1,0,1,0,0
836,3,12,3,6,886,4,0,4,0,2,2,0,1,1,1,1,1,0,1,1,2
837,3,4,3,3,601,2,2,1,0,2,3,3,1,2,1,3,2,0,1,1,2
838,1,24,1,9,2957,2,3,4,3,2,4,1,1,1,2,1,1,1,1,1,1
839,3,24,1,6,2611,2,3,4,2,0,3,3,1,1,2,1,1,0,1,1,0
840,1,36,3,3,5179,2,1,4,3,2,2,1,1,1,1,1,1,0,1,0,3
841,3,21,2,9,2993,2,0,3,3,2,2,3,2,1,2,3,1,0,1,1,3
842,3,18,3,7,1943,2,2,4,0,2,4,3,1,1,1,1,1,0,1,0,2
843,3,24,0,0,1559,2,1,4,3,2,4,0,0,1,1,1,1,1,1,1,0
844,3,18,3,3,3422,2,3,4,3,2,4,1,0,1,3,1,2,1,1,1,0
845,0,21,3,3,3976,4,1,2,3,2,3,0,1,1,1,1,1,1,1,1,3
846,3,18,3,4,6761,4,0,2,3,2,4,0,1,2,2,1,1,0,1,0,1
847,3,24,3,4,1249,2,2,4,2,2,2,3,1,1,1,1,1,0,1,1,3
848,1,9,3,6,1364,2,1,3,3,2,4,3,1,1,1,1,1,0,1,1,1
849,1,12,3,6,709,2,3,4,3,2,4,3,2,1,1,3,1,0,1,0,1
850,1,20,1,4,2235,2,0,4,2,1,2,1,0,2,2,1,1,0,0,0,3
851,3,24,1,9,4042,4,1,3,3,2,4,1,1,1,2,1,1,1,1,1,0
852,3,15,1,6,1471,2,0,4,3,2,4,2,1,0,2,1,1,1,1,1,3
853,1,18,0,4,1442,2,1,4,3,2,4,2,1,0,2,3,2,0,1,0,3
854,3,36,2,4,10875,2,3,2,3,2,2,0,1,1,2,1,2,1,1,1,0
855,3,24,3,4,1474,0,2,4,2,2,3,3,1,1,1,1,1,1,1,1,3
856,3,10,3,8,894,4,1,4,0,2,3,1,1,1,1,1,1,1,1,1,0
857,3,15,1,3,3343,2,0,4,3,2,2,2,1,0,1,1,1,1,1,1,3
858,1,15,3,4,3959,2,0,3,0,2,2,1,1,1,1,1,1,1,1,0,3
859,3,9,3,4,3577,0,0,1,3,1,2,3,1,2,1,1,2,0,0,1,3
860,3,24,1,9,5804,3,0,4,3,2,2,3,1,1,2,1,1,0,1,1,3
861,3,18,2,0,2169,2,0,4,2,2,2,0,1,1,1,1,1,1,1,0,3
862,1,24,3,6,2439,2,2,4,0,2,4,3,1,1,1,1,1,1,1,0,3
863,3,27,1,3,4526,3,2,4,3,2,2,3,2,1,2,3,2,1,1,1,3
864,3,10,3,3,2210,2,0,2,3,2,2,3,0,2,1,3,1,0,1,0,2
865,3,15,3,3,2221,1,0,2,0,2,4,0,1,2,1,1,1,0,1,1,2
866,1,18,3,6,2389,2,2,4,0,2,1,0,2,1,1,1,1,0,1,1,3
867,3,12,1,3,3331,2,3,2,3,2,4,1,2,1,1,1,1,0,1,1,0
868,3,36,3,0,7409,4,3,3,3,2,2,1,1,1,2,1,1,0,1,1,0
869,1,12,3,3,652,2,3,4,0,2,4,1,1,2,1,1,1,0,1,1,2
870,3,36,2,3,7678,1,1,2,0,2,4,0,1,1,2,1,1,1,1,1,0
871,2,6,1,4,1343,2,3,1,3,2,4,3,1,1,2,1,2,0,0,1,0
872,1,24,1,0,1382,0,1,4,3,2,1,3,1,1,2,1,1,1,1,1,3
873,3,15,3,1,874,4,2,4,0,2,1,3,1,1,1,1,1,0,1,1,2
874,1,12,3,3,3590,2,0,2,3,0,2,1,1,1,1,3,2,0,1,1,3
875,0,11,1,4,1322,3,0,4,0,2,4,0,1,1,2,1,1,0,1,1,0
876,1,18,0,6,1940,2,2,3,3,0,4,2,0,0,1,0,1,1,1,1,0
877,3,36,3,6,3595,2,3,4,3,2,2,0,1,1,1,1,1,0,1,1,3
878,1,9,3,4,1422,2,2,3,3,2,2,2,1,0,1,0,1,1,1,0,3
879,3,30,1,6,6742,4,1,2,3,2,3,1,1,1,2,1,1,0,1,1,0
880,3,24,3,9,7814,2,1,3,3,2,3,0,1,1,1,0,1,1,1,1,0
881,3,24,3,9,9277,4,0,2,1,2,4,2,1,0,1,1,1,1,1,1,0
882,0,30,1,4,2181,4,3,4,3,2,4,3,1,1,2,1,1,0,1,1,0
883,3,18,1,6,1098,2,4,4,0,2,4,0,1,1,2,2,1,0,1,1,1
884,0,24,3,3,4057,2,1,3,1,2,3,0,1,1,1,1,1,1,1,0,0
885,1,12,3,2,795,2,2,4,0,2,4,1,1,1,1,1,1,0,1,0,0
886,0,24,1,0,2825,4,1,4,3,2,3,2,1,1,2,1,2,1,1,1,3
887,0,48,3,0,15672,2,0,2,3,2,2,0,1,1,1,1,1,1,1,0,2
888,3,36,1,4,6614,2,3,4,3,2,4,0,1,1,2,0,1,1,1,1,3
889,3,28,0,9,7824,4,2,3,3,1,4,3,0,2,2,1,2,1,1,1,0
890,1,27,1,0,2442,2,3,4,3,2,4,0,2,1,4,0,2,1,1,1,0
891,3,15,1,6,1829,2,3,4,3,2,4,0,1,1,2,1,1,1,1,1,0
892,1,12,1,4,2171,2,0,4,3,2,4,1,0,1,2,3,1,0,0,1,0
893,0,36,1,9,5800,2,0,3,3,2,4,0,1,1,2,1,1,1,1,1,3
894,3,18,1,6,1169,4,0,4,3,2,3,1,1,1,2,1,1,1,1,1,3
895,3,36,2,9,8947,4,1,3,3,2,2,0,2,1,1,0,2,1,1,1,3
896,1,21,3,6,2606,2,2,4,0,2,4,1,1,2,1,0,1,1,1,1,3
897,3,12,1,3,1592,3,1,3,0,2,2,1,1,1,1,1,1,0,0,1,3
898,3,15,3,3,2186,4,1,1,0,2,4,3,0,2,1,3,1,0,1,1,3
899,1,18,3,3,4153,2,0,2,3,0,3,0,1,1,1,1,1,0,1,0,0
900,1,16,1,4,2625,2,3,2,3,1,4,1,0,2,1,1,1,1,1,0,0
901,3,20,1,4,3485,4,2,2,1,2,4,3,1,1,2,1,1,1,1,1,0
902,3,36,1,9,10477,4,3,2,3,2,4,2,1,0,2,1,1,0,1,1,0
903,3,15,3,6,1386,4,0,4,2,2,2,3,1,2,1,1,1,1,1,1,0
904,3,24,3,6,1278,2,3,4,3,2,1,3,1,1,1,0,1,1,1,1,0
905,1,12,3,6,1107,2,0,2,3,2,2,3,1,2,1,0,2,1,1,1,2
906,1,21,3,4,3763,4,1,2,3,0,2,3,1,1,1,3,1,0,0,1,2
907,0,36,3,2,3711,4,0,2,2,2,2,0,1,1,1,1,1,0,1,1,3
908,3,15,2,9,3594,2,2,1,0,2,2,1,1,1,2,3,1,0,1,1,0
909,0,9,3,4,3195,4,0,1,0,2,2,3,1,1,1,3,1,0,1,1,3
910,3,36,2,6,4454,2,0,4,0,2,4,3,1,1,2,1,1,0,1,1,3
911,0,24,1,3,4736,2,2,2,0,2,4,0,0,1,1,3,1,0,1,0,2
912,0,30,3,6,2991,4,3,2,0,2,4,0,1,1,1,1,1,0,1,1,2
913,3,11,3,0,2142,3,3,1,1,2,2,3,1,1,1,1,1,1,1,1,3
914,1,24,0,0,3161,2,0,4,3,2,2,1,1,2,1,1,1,1,1,0,3
915,0,48,4,5,18424,2,0,1,0,2,2,1,0,1,1,0,1,1,0,0,3
916,3,10,3,9,2848,0,0,1,3,0,2,3,1,1,1,1,2,0,1,1,3
917,1,6,3,4,14896,2,3,1,3,2,4,2,0,1,1,0,1,1,1,0,1
918,1,24,3,3,2359,0,4,1,1,2,1,1,1,1,1,1,1,0,1,0,3
919,1,24,3,3,3345,2,3,4,3,2,2,1,1,2,1,0,1,1,1,0,0
920,3,18,1,3,1817,2,0,4,0,2,2,2,1,1,2,1,1,0,1,1,3
921,3,48,2,6,12749,1,1,4,3,2,1,0,1,1,1,0,1,1,1,1,0
922,1,9,3,6,1366,2,2,3,0,2,4,1,1,2,1,1,1,0,1,0,2
923,0,12,3,4,2002,2,1,3,3,2,4,1,1,2,1,1,2,1,1,1,3
924,1,24,0,3,6872,2,2,2,1,2,1,1,0,1,1,1,1,1,1,0,0
925,1,12,0,4,697,2,2,4,3,2,2,0,0,1,2,1,1,1,1,0,0
926,1,18,1,3,1049,2,2,4,0,2,4,1,1,2,1,1,1,0,1,1,2
927,1,48,3,9,10297,2,1,4,3,2,4,2,2,0,3,1,2,1,1,0,0
928,3,30,3,6,1867,4,3,4,3,2,4,0,1,1,1,1,1,1,1,1,1
929,1,12,2,4,1344,2,0,4,3,2,2,3,1,1,2,3,2,0,1,1,0
930,1,24,3,3,1747,2,2,4,3,0,1,1,1,1,1,3,1,0,0,1,2
931,0,9,3,6,1670,2,2,4,0,2,2,0,1,1,1,1,1,1,1,0,2
932,3,9,1,4,1224,2,0,3,3,2,1,3,1,1,2,1,1,0,1,1,3
933,3,12,1,6,522,1,3,4,3,2,4,1,1,1,2,1,2,1,1,1,0
934,1,12,3,6,1498,2,0,4,0,2,1,0,0,1,1,1,1,0,1,1,2
935,0,30,2,6,1919,0,2,4,3,2,3,2,2,1,2,0,1,0,1,0,3
936,2,9,3,6,745,2,0,3,0,2,2,3,1,1,1,3,1,0,1,0,3
937,0,6,3,6,2063,2,2,4,2,2,3,0,1,2,1,0,1,1,1,1,3
938,0,60,3,2,6288,2,0,4,3,2,4,2,1,0,1,1,1,0,1,0,0
939,3,24,1,9,6842,4,0,2,3,2,4,1,1,1,2,0,2,1,1,1,0
940,3,12,3,4,3527,4,2,2,3,2,3,1,1,1,1,0,2,1,1,1,0
941,3,10,3,4,1546,2,0,3,3,2,2,3,1,1,1,3,2,0,0,1,3
942,3,24,3,3,929,4,1,4,3,2,2,0,2,1,1,1,1,1,1,1,3
943,3,4,1,4,1455,2,1,2,3,2,1,3,1,1,3,3,2,0,1,1,0
944,1,15,3,3,1845,2,2,4,0,1,1,1,1,2,1,1,1,0,1,1,0
945,0,48,4,4,8358,1,2,1,0,2,1,0,1,1,2,1,1,0,1,1,3
946,1,24,0,3,3349,1,2,4,3,2,4,2,1,0,1,1,2,1,1,0,3
947,3,12,3,4,2859,4,4,4,3,2,4,2,1,1,1,0,1,1,1,1,0
948,3,18,3,3,1533,2,2,4,2,0,1,1,1,1,1,3,2,0,1,0,0
949,3,24,3,6,3621,0,3,2,3,2,4,0,1,1,2,1,1,0,1,0,3
950,0,18,1,0,3590,2,4,3,2,2,3,0,1,1,3,2,2,1,1,1,0
951,1,36,2,0,2145,2,1,2,3,2,1,0,1,1,2,1,1,1,1,0,2
952,0,24,3,9,4113,1,2,3,0,2,4,0,1,2,1,1,1,0,1,0,3
953,3,36,3,3,10974,2,4,4,0,2,2,0,1,1,2,0,1,1,1,0,3
954,1,12,3,4,1893,2,0,4,0,1,4,1,1,1,1,1,1,1,1,1,3
955,1,24,1,6,1231,3,3,4,0,2,4,1,1,2,2,0,1,1,1,1,1
956,2,30,1,6,3656,4,3,4,3,2,4,1,2,1,2,3,1,0,1,1,0
957,0,9,1,6,1154,2,3,2,3,2,4,3,1,1,3,3,1,0,1,1,0
958,1,28,3,4,4006,2,0,3,3,2,2,0,1,1,1,3,1,0,1,0,0
959,0,24,3,3,3069,0,3,4,3,2,4,2,1,0,1,1,1,0,1,1,3
960,3,6,1,6,1740,2,3,2,2,2,2,3,1,2,2,1,1,0,1,1,3
961,0,21,2,4,2353,2,0,1,1,2,4,1,1,1,2,1,1,0,1,1,0
962,3,15,3,4,3556,4,0,3,3,2,2,2,1,1,1,1,1,0,1,1,3
963,3,24,3,6,2397,1,3,3,3,2,2,0,0,1,2,1,1,1,1,0,3
964,0,6,3,7,454,2,2,3,2,2,1,1,1,1,1,3,1,0,1,1,2
965,0,30,3,6,1715,4,0,4,0,2,1,0,1,1,1,1,1,0,1,1,3
966,0,27,1,6,2520,1,0,4,3,2,2,1,1,1,2,3,1,0,1,0,2
967,3,15,3,6,3568,2,3,4,0,2,2,0,0,2,1,0,1,1,1,1,0
968,3,42,3,6,7166,4,1,2,2,2,4,1,1,2,1,1,1,1,1,1,3
969,1,11,1,4,3939,2,0,1,3,2,2,3,1,1,2,3,2,0,1,1,0
970,0,15,3,7,1514,0,0,4,3,1,2,3,1,1,1,1,1,0,1,1,2
971,3,24,3,4,7393,2,0,1,3,2,4,1,1,1,1,3,2,0,1,1,0
972,1,24,0,4,1193,2,4,1,0,0,4,2,1,2,2,2,1,0,1,0,3
973,1,60,3,0,7297,2,3,4,3,0,4,2,1,2,1,1,1,0,1,0,0
974,3,30,1,6,2831,2,0,4,0,2,2,0,1,1,1,1,1,1,1,1,3
975,2,24,3,6,1258,1,0,3,0,2,3,0,1,1,1,3,1,0,1,1,1
976,0,6,3,6,753,2,0,2,0,1,3,3,1,1,1,1,1,0,1,1,1
977,0,18,2,0,2427,4,3,4,3,2,2,1,1,1,2,1,1,0,1,1,0
978,3,24,2,4,2538,2,3,4,3,2,4,0,1,1,2,3,2,0,1,0,0
979,0,15,0,4,1264,0,0,2,2,2,2,1,1,2,1,1,1,0,1,0,2
980,0,30,1,3,8386,2,1,2,3,2,2,1,1,1,1,1,1,0,1,0,0
981,3,48,3,0,4844,2,4,3,3,2,2,0,0,2,1,0,1,1,1,0,3
982,2,21,3,4,2923,0,0,1,0,2,1,0,0,1,1,0,1,1,1,1,3
983,1,36,3,9,8229,2,0,2,3,2,2,1,1,1,1,1,2,0,1,0,3
984,3,24,1,3,2028,2,1,2,3,2,2,1,1,1,2,3,1,0,1,1,3
985,1,15,1,3,1433,2,0,4,0,2,3,1,1,2,2,1,1,0,1,1,2
986,2,42,4,0,6289,2,2,2,1,2,1,1,1,1,2,1,1,0,1,1,3
987,3,13,3,6,1409,0,4,2,0,2,4,3,1,1,1,1,1,0,1,1,1
988,1,24,3,9,6579,2,4,4,3,2,2,2,1,0,1,0,1,1,1,1,3
989,0,24,1,6,1743,2,3,4,3,2,2,1,1,1,2,3,1,0,1,1,0
990,3,12,1,2,3565,4,2,2,3,2,1,1,1,1,2,3,2,0,1,1,0
991,3,15,0,6,1569,0,3,4,3,2,4,0,0,1,1,3,2,0,1,1,3
992,1,18,3,6,1936,4,1,2,2,2,4,0,1,2,2,3,1,0,1,1,2
993,1,36,3,3,3959,2,4,4,3,2,3,1,1,1,1,0,1,1,1,1,3
994,3,12,3,4,2390,4,3,4,3,2,3,0,1,1,1,1,1,1,1,1,0
995,3,12,3,3,1736,2,1,3,0,2,4,3,1,1,1,3,1,0,1,1,3
996,1,30,3,9,3857,2,0,4,1,2,4,1,1,1,1,0,1,1,1,1,0
997,3,12,3,6,804,2,3,4,3,2,4,0,1,1,1,1,1,0,1,1,0
998,1,45,3,6,1845,2,0,4,3,2,4,2,1,0,1,1,1,1,1,0,2
999,0,45,1,9,4576,0,4,3,3,2,4,0,1,1,1,1,1,0,1,1,3
